Handle,Title,Body (HTML),Vendor,Product Category,Type,Tags,Published,Option1 Name,Option1 Value,Option1 Linked To,Option2 Name,Option2 Value,Option2 Linked To,Option3 Name,Option3 Value,Option3 Linked To,Variant SKU,Variant Grams,Variant Inventory Tracker,Variant Inventory Qty,Variant Inventory Policy,Variant Fulfillment Service,Variant Price,Variant Compare At Price,Variant Requires Shipping,Variant Taxable,Unit Price Total Measure,Unit Price Total Measure Unit,Unit Price Base Measure,Unit Price Base Measure Unit,Variant Barcode,Image Src,Image Position,Image Alt Text,Gift Card,SEO Title,SEO Description,Materiał ramy dzieła sztuki (product.metafields.shopify.artwork-frame-material),Kolor (product.metafields.shopify.color-pattern),Materiał dekoracyjny (product.metafields.shopify.decoration-material),Obsługiwany format (product.metafields.shopify.format-supported),Styl oprawki (product.metafields.shopify.frame-style),Materiał (product.metafields.shopify.material),Typ mocowania (product.metafields.shopify.mounting-type),Orientacja (product.metafields.shopify.orientation),Kształt (product.metafields.shopify.shape),Motyw (product.metafields.shopify.theme),Variant Image,Variant Weight Unit,Variant Tax Code,Cost per item,Status,Finish (product.metafields.shopify.finish)
sunflower-field-at-noon,Sunflower Field at Noon,"<p>Immerse yourself in the serene beauty of ""Sunflower Field at Noon,"" where vibrant sunflowers stretch under a luminous sky, captured in the rich, textured style of Impressionism. This artwork evokes a tranquil afternoon, with dappled light dancing across the canvas, inviting a sense of calm and connection to nature. Perfect for brightening any space, it serves as a gentle reminder of the warmth and splendor of a summer day.</p>",REXIMPRIMIS,"Home & Garden > Decor > Artwork > Posters, Prints, & Visual Artwork",poster,"poster, category:nature-landscapes, style:impressionism, orientation:portrait, room:living-room, room:bedroom, room:home-office, room:study, size:13x18, size:21x30, size:30x40, size:40x50, size:50x70, collection:new-arrivals",true,Print Style,Full Bleed,,Size,13 × 18 cm (Small),,,,,sunflower-field-at-noon-full-13x18,0,,,deny,manual,16.00,32.00,true,true,,,,,,https://cdn.jsdelivr.net/gh/reximprimis/posters@main/shopify_thumbs/nature-landscapes/Impressionism/Sunflower_Field_at_Noon_thumb.jpg?v=1789622218261,1,,false,Sunflower Field at Noon | REXIMPRIMIS,"Immerse yourself in the serene beauty of ""Sunflower Field at Noon,"" where vibrant sunflowers stretch under a luminous sky, captured in the rich, textured style…",,,,,,,,,,,https://cdn.jsdelivr.net/gh/reximprimis/posters@main/shopify_thumbs/nature-landscapes/Impressionism/Sunflower_Field_at_Noon_thumb.jpg?v=1789622218261,kg,,,active,
sunflower-field-at-noon,,,,,,,,,Full Bleed,,,21 × 30 cm (A4),,,,,sunflower-field-at-noon-full-21x30,0,,,deny,manual,26.00,52.00,true,true,,,,,,https://cdn.jsdelivr.net/gh/reximprimis/posters@main/shopify_thumbs/nature-landscapes/Impressionism/Sunflower_Field_at_Noon_ramka_thumb.jpg?v=1789622219114,2,,,,,,,,,,,,,,,https://cdn.jsdelivr.net/gh/reximprimis/posters@main/shopify_thumbs/nature-landscapes/Impressionism/Sunflower_Field_at_Noon_ramka_thumb.jpg?v=1789622219114,kg,,,,
sunflower-field-at-noon,,,,,,,,,Full Bleed,,,30 × 40 cm (Medium),,,,,sunflower-field-at-noon-full-30x40,0,,,deny,manual,43.00,86.00,true,true,,,,,,https://cdn.jsdelivr.net/gh/reximprimis/posters@main/shopify_thumbs/nature-landscapes/Impressionism/Sunflower_Field_at_Noon_mockup_frame.jpg?v=1789598722261,3,,,,,,,,,,,,,,,https://cdn.jsdelivr.net/gh/reximprimis/posters@main/shopify_thumbs/nature-landscapes/Impressionism/Sunflower_Field_at_Noon_mockup_frame.jpg?v=1789598722261,kg,,,,
sunflower-field-at-noon,,,,,,,,,Full Bleed,,,40 × 50 cm (Large),,,,,sunflower-field-at-noon-full-40x50,0,,,deny,manual,57.00,114.00,true,true,,,,,,https://cdn.jsdelivr.net/gh/reximprimis/posters@main/shopify_thumbs/nature-landscapes/Impressionism/Sunflower_Field_at_Noon_mockup_interior.jpg?v=1789598740743,4,,,,,,,,,,,,,,,https://cdn.jsdelivr.net/gh/reximprimis/posters@main/shopify_thumbs/nature-landscapes/Impressionism/Sunflower_Field_at_Noon_mockup_interior.jpg?v=1789598740743,kg,,,,
sunflower-field-at-noon,,,,,,,,,Full Bleed,,,50 × 70 cm (Large),,,,,sunflower-field-at-noon-full-50x70,0,,,deny,manual,71.00,142.00,true,true,,,,,,,,,,,,,,,,,,,,,,https://cdn.jsdelivr.net/gh/reximprimis/posters@main/shopify_thumbs/nature-landscapes/Impressionism/Sunflower_Field_at_Noon_thumb.jpg?v=1789622218261,kg,,,,
sunflower-field-at-noon,,,,,,,,,White Border,,,13 × 18 cm (Small),,,,,sunflower-field-at-noon-ramka-13x18,0,,,deny,manual,16.00,32.00,true,true,,,,,,,,,,,,,,,,,,,,,,https://cdn.jsdelivr.net/gh/reximprimis/posters@main/shopify_thumbs/nature-landscapes/Impressionism/Sunflower_Field_at_Noon_ramka_thumb.jpg?v=1789622219114,kg,,,,
sunflower-field-at-noon,,,,,,,,,White Border,,,21 × 30 cm (A4),,,,,sunflower-field-at-noon-ramka-21x30,0,,,deny,manual,26.00,52.00,true,true,,,,,,,,,,,,,,,,,,,,,,https://cdn.jsdelivr.net/gh/reximprimis/posters@main/shopify_thumbs/nature-landscapes/Impressionism/Sunflower_Field_at_Noon_ramka_thumb.jpg?v=1789622219114,kg,,,,
sunflower-field-at-noon,,,,,,,,,White Border,,,30 × 40 cm (Medium),,,,,sunflower-field-at-noon-ramka-30x40,0,,,deny,manual,43.00,86.00,true,true,,,,,,,,,,,,,,,,,,,,,,https://cdn.jsdelivr.net/gh/reximprimis/posters@main/shopify_thumbs/nature-landscapes/Impressionism/Sunflower_Field_at_Noon_ramka_thumb.jpg?v=1789622219114,kg,,,,
sunflower-field-at-noon,,,,,,,,,White Border,,,40 × 50 cm (Large),,,,,sunflower-field-at-noon-ramka-40x50,0,,,deny,manual,57.00,114.00,true,true,,,,,,,,,,,,,,,,,,,,,,https://cdn.jsdelivr.net/gh/reximprimis/posters@main/shopify_thumbs/nature-landscapes/Impressionism/Sunflower_Field_at_Noon_ramka_thumb.jpg?v=1789622219114,kg,,,,
sunflower-field-at-noon,,,,,,,,,White Border,,,50 × 70 cm (Large),,,,,sunflower-field-at-noon-ramka-50x70,0,,,deny,manual,71.00,142.00,true,true,,,,,,,,,,,,,,,,,,,,,,https://cdn.jsdelivr.net/gh/reximprimis/posters@main/shopify_thumbs/nature-landscapes/Impressionism/Sunflower_Field_at_Noon_ramka_thumb.jpg?v=1789622219114,kg,,,,
haystacks-in-autumn-light,Haystacks in Autumn Light,"<p>Experience the serene beauty of ""Haystacks in Autumn Light,"" where the warm hues of fall envelop a tranquil scene of stacked hay, rendered in rich, textured brushstrokes that evoke the essence of late-19th-century Impressionism. The interplay of soft edges and dappled light creates a captivating atmosphere, inviting you to pause and reflect on the quiet elegance of nature in transition. This artwork serves as a gentle reminder of the changing seasons, bringing a touch of autumn's warmth into your space.</p>",REXIMPRIMIS,"Home & Garden > Decor > Artwork > Posters, Prints, & Visual Artwork",poster,"poster, category:nature-landscapes, style:impressionism, orientation:portrait, room:living-room, room:bedroom, room:home-office, room:study, size:13x18, size:21x30, size:30x40, size:40x50, size:50x70, collection:new-arrivals",true,Print Style,Full Bleed,,Size,13 × 18 cm (Small),,,,,haystacks-in-autumn-light-full-13x18,0,,,deny,manual,16.00,32.00,true,true,,,,,,https://cdn.jsdelivr.net/gh/reximprimis/posters@main/shopify_thumbs/nature-landscapes/Impressionism/Haystacks_in_Autumn_Light_thumb.jpg?v=1789622219778,1,,false,Haystacks in Autumn Light | REXIMPRIMIS,"Experience the serene beauty of ""Haystacks in Autumn Light,"" where the warm hues of fall envelop a tranquil scene of stacked hay, rendered in rich, textured…",,,,,,,,,,,https://cdn.jsdelivr.net/gh/reximprimis/posters@main/shopify_thumbs/nature-landscapes/Impressionism/Haystacks_in_Autumn_Light_thumb.jpg?v=1789622219778,kg,,,active,
haystacks-in-autumn-light,,,,,,,,,Full Bleed,,,21 × 30 cm (A4),,,,,haystacks-in-autumn-light-full-21x30,0,,,deny,manual,26.00,52.00,true,true,,,,,,https://cdn.jsdelivr.net/gh/reximprimis/posters@main/shopify_thumbs/nature-landscapes/Impressionism/Haystacks_in_Autumn_Light_ramka_thumb.jpg?v=1789622220595,2,,,,,,,,,,,,,,,https://cdn.jsdelivr.net/gh/reximprimis/posters@main/shopify_thumbs/nature-landscapes/Impressionism/Haystacks_in_Autumn_Light_ramka_thumb.jpg?v=1789622220595,kg,,,,
haystacks-in-autumn-light,,,,,,,,,Full Bleed,,,30 × 40 cm (Medium),,,,,haystacks-in-autumn-light-full-30x40,0,,,deny,manual,43.00,86.00,true,true,,,,,,https://cdn.jsdelivr.net/gh/reximprimis/posters@main/shopify_thumbs/nature-landscapes/Impressionism/Haystacks_in_Autumn_Light_mockup_frame.jpg?v=1789598758813,3,,,,,,,,,,,,,,,https://cdn.jsdelivr.net/gh/reximprimis/posters@main/shopify_thumbs/nature-landscapes/Impressionism/Haystacks_in_Autumn_Light_mockup_frame.jpg?v=1789598758813,kg,,,,
haystacks-in-autumn-light,,,,,,,,,Full Bleed,,,40 × 50 cm (Large),,,,,haystacks-in-autumn-light-full-40x50,0,,,deny,manual,57.00,114.00,true,true,,,,,,https://cdn.jsdelivr.net/gh/reximprimis/posters@main/shopify_thumbs/nature-landscapes/Impressionism/Haystacks_in_Autumn_Light_mockup_interior.jpg?v=1789598776830,4,,,,,,,,,,,,,,,https://cdn.jsdelivr.net/gh/reximprimis/posters@main/shopify_thumbs/nature-landscapes/Impressionism/Haystacks_in_Autumn_Light_mockup_interior.jpg?v=1789598776830,kg,,,,
haystacks-in-autumn-light,,,,,,,,,Full Bleed,,,50 × 70 cm (Large),,,,,haystacks-in-autumn-light-full-50x70,0,,,deny,manual,71.00,142.00,true,true,,,,,,,,,,,,,,,,,,,,,,https://cdn.jsdelivr.net/gh/reximprimis/posters@main/shopify_thumbs/nature-landscapes/Impressionism/Haystacks_in_Autumn_Light_thumb.jpg?v=1789622219778,kg,,,,
haystacks-in-autumn-light,,,,,,,,,White Border,,,13 × 18 cm (Small),,,,,haystacks-in-autumn-light-ramka-13x18,0,,,deny,manual,16.00,32.00,true,true,,,,,,,,,,,,,,,,,,,,,,https://cdn.jsdelivr.net/gh/reximprimis/posters@main/shopify_thumbs/nature-landscapes/Impressionism/Haystacks_in_Autumn_Light_ramka_thumb.jpg?v=1789622220595,kg,,,,
haystacks-in-autumn-light,,,,,,,,,White Border,,,21 × 30 cm (A4),,,,,haystacks-in-autumn-light-ramka-21x30,0,,,deny,manual,26.00,52.00,true,true,,,,,,,,,,,,,,,,,,,,,,https://cdn.jsdelivr.net/gh/reximprimis/posters@main/shopify_thumbs/nature-landscapes/Impressionism/Haystacks_in_Autumn_Light_ramka_thumb.jpg?v=1789622220595,kg,,,,
haystacks-in-autumn-light,,,,,,,,,White Border,,,30 × 40 cm (Medium),,,,,haystacks-in-autumn-light-ramka-30x40,0,,,deny,manual,43.00,86.00,true,true,,,,,,,,,,,,,,,,,,,,,,https://cdn.jsdelivr.net/gh/reximprimis/posters@main/shopify_thumbs/nature-landscapes/Impressionism/Haystacks_in_Autumn_Light_ramka_thumb.jpg?v=1789622220595,kg,,,,
haystacks-in-autumn-light,,,,,,,,,White Border,,,40 × 50 cm (Large),,,,,haystacks-in-autumn-light-ramka-40x50,0,,,deny,manual,57.00,114.00,true,true,,,,,,,,,,,,,,,,,,,,,,https://cdn.jsdelivr.net/gh/reximprimis/posters@main/shopify_thumbs/nature-landscapes/Impressionism/Haystacks_in_Autumn_Light_ramka_thumb.jpg?v=1789622220595,kg,,,,
haystacks-in-autumn-light,,,,,,,,,White Border,,,50 × 70 cm (Large),,,,,haystacks-in-autumn-light-ramka-50x70,0,,,deny,manual,71.00,142.00,true,true,,,,,,,,,,,,,,,,,,,,,,https://cdn.jsdelivr.net/gh/reximprimis/posters@main/shopify_thumbs/nature-landscapes/Impressionism/Haystacks_in_Autumn_Light_ramka_thumb.jpg?v=1789622220595,kg,,,,
willow-trees-by-the-river,Willow Trees by the River,"<p>Embrace the serene beauty of nature with ""Willow Trees by the River."" This impressionist artwork captures the gentle sway of willows alongside a tranquil river, rendered in rich, harmonious colors and textured brushstrokes that evoke a sense of calm and reflection. The soft edges and dappled light invite you to lose yourself in the peaceful atmosphere, making it a perfect addition to any space seeking a touch of nature's grace.</p>",REXIMPRIMIS,"Home & Garden > Decor > Artwork > Posters, Prints, & Visual Artwork",poster,"poster, category:nature-landscapes, style:impressionism, orientation:portrait, room:living-room, room:bedroom, room:home-office, room:study, size:13x18, size:21x30, size:30x40, size:40x50, size:50x70, collection:new-arrivals",true,Print Style,Full Bleed,,Size,13 × 18 cm (Small),,,,,willow-trees-by-the-river-full-13x18,0,,,deny,manual,16.00,32.00,true,true,,,,,,https://cdn.jsdelivr.net/gh/reximprimis/posters@main/shopify_thumbs/nature-landscapes/Impressionism/Willow_Trees_by_the_River_thumb.jpg?v=1789622221269,1,,false,Willow Trees by the River | REXIMPRIMIS,"Embrace the serene beauty of nature with ""Willow Trees by the River."" This impressionist artwork captures the gentle sway of willows alongside a tranquil…",,,,,,,,,,,https://cdn.jsdelivr.net/gh/reximprimis/posters@main/shopify_thumbs/nature-landscapes/Impressionism/Willow_Trees_by_the_River_thumb.jpg?v=1789622221269,kg,,,active,
willow-trees-by-the-river,,,,,,,,,Full Bleed,,,21 × 30 cm (A4),,,,,willow-trees-by-the-river-full-21x30,0,,,deny,manual,26.00,52.00,true,true,,,,,,https://cdn.jsdelivr.net/gh/reximprimis/posters@main/shopify_thumbs/nature-landscapes/Impressionism/Willow_Trees_by_the_River_ramka_thumb.jpg?v=1789622222095,2,,,,,,,,,,,,,,,https://cdn.jsdelivr.net/gh/reximprimis/posters@main/shopify_thumbs/nature-landscapes/Impressionism/Willow_Trees_by_the_River_ramka_thumb.jpg?v=1789622222095,kg,,,,
willow-trees-by-the-river,,,,,,,,,Full Bleed,,,30 × 40 cm (Medium),,,,,willow-trees-by-the-river-full-30x40,0,,,deny,manual,43.00,86.00,true,true,,,,,,https://cdn.jsdelivr.net/gh/reximprimis/posters@main/shopify_thumbs/nature-landscapes/Impressionism/Willow_Trees_by_the_River_mockup_frame.jpg?v=1789598795433,3,,,,,,,,,,,,,,,https://cdn.jsdelivr.net/gh/reximprimis/posters@main/shopify_thumbs/nature-landscapes/Impressionism/Willow_Trees_by_the_River_mockup_frame.jpg?v=1789598795433,kg,,,,
willow-trees-by-the-river,,,,,,,,,Full Bleed,,,40 × 50 cm (Large),,,,,willow-trees-by-the-river-full-40x50,0,,,deny,manual,57.00,114.00,true,true,,,,,,https://cdn.jsdelivr.net/gh/reximprimis/posters@main/shopify_thumbs/nature-landscapes/Impressionism/Willow_Trees_by_the_River_mockup_interior.jpg?v=1789598814316,4,,,,,,,,,,,,,,,https://cdn.jsdelivr.net/gh/reximprimis/posters@main/shopify_thumbs/nature-landscapes/Impressionism/Willow_Trees_by_the_River_mockup_interior.jpg?v=1789598814316,kg,,,,
willow-trees-by-the-river,,,,,,,,,Full Bleed,,,50 × 70 cm (Large),,,,,willow-trees-by-the-river-full-50x70,0,,,deny,manual,71.00,142.00,true,true,,,,,,,,,,,,,,,,,,,,,,https://cdn.jsdelivr.net/gh/reximprimis/posters@main/shopify_thumbs/nature-landscapes/Impressionism/Willow_Trees_by_the_River_thumb.jpg?v=1789622221269,kg,,,,
willow-trees-by-the-river,,,,,,,,,White Border,,,13 × 18 cm (Small),,,,,willow-trees-by-the-river-ramka-13x18,0,,,deny,manual,16.00,32.00,true,true,,,,,,,,,,,,,,,,,,,,,,https://cdn.jsdelivr.net/gh/reximprimis/posters@main/shopify_thumbs/nature-landscapes/Impressionism/Willow_Trees_by_the_River_ramka_thumb.jpg?v=1789622222095,kg,,,,
willow-trees-by-the-river,,,,,,,,,White Border,,,21 × 30 cm (A4),,,,,willow-trees-by-the-river-ramka-21x30,0,,,deny,manual,26.00,52.00,true,true,,,,,,,,,,,,,,,,,,,,,,https://cdn.jsdelivr.net/gh/reximprimis/posters@main/shopify_thumbs/nature-landscapes/Impressionism/Willow_Trees_by_the_River_ramka_thumb.jpg?v=1789622222095,kg,,,,
willow-trees-by-the-river,,,,,,,,,White Border,,,30 × 40 cm (Medium),,,,,willow-trees-by-the-river-ramka-30x40,0,,,deny,manual,43.00,86.00,true,true,,,,,,,,,,,,,,,,,,,,,,https://cdn.jsdelivr.net/gh/reximprimis/posters@main/shopify_thumbs/nature-landscapes/Impressionism/Willow_Trees_by_the_River_ramka_thumb.jpg?v=1789622222095,kg,,,,
willow-trees-by-the-river,,,,,,,,,White Border,,,40 × 50 cm (Large),,,,,willow-trees-by-the-river-ramka-40x50,0,,,deny,manual,57.00,114.00,true,true,,,,,,,,,,,,,,,,,,,,,,https://cdn.jsdelivr.net/gh/reximprimis/posters@main/shopify_thumbs/nature-landscapes/Impressionism/Willow_Trees_by_the_River_ramka_thumb.jpg?v=1789622222095,kg,,,,
willow-trees-by-the-river,,,,,,,,,White Border,,,50 × 70 cm (Large),,,,,willow-trees-by-the-river-ramka-50x70,0,,,deny,manual,71.00,142.00,true,true,,,,,,,,,,,,,,,,,,,,,,https://cdn.jsdelivr.net/gh/reximprimis/posters@main/shopify_thumbs/nature-landscapes/Impressionism/Willow_Trees_by_the_River_ramka_thumb.jpg?v=1789622222095,kg,,,,
meadow-path-in-springtime,Meadow Path in Springtime,"<p>Experience the serene beauty of spring with ""Meadow Path in Springtime,"" an evocative impressionist artwork that captures the gentle allure of a blooming meadow. Soft brushstrokes and a harmonious palette evoke a tranquil atmosphere, inviting you to wander through the dappled light and lush textures of nature's awakening. This piece serves as a calming reminder of the season's beauty, perfect for enhancing any living space.</p>",REXIMPRIMIS,"Home & Garden > Decor > Artwork > Posters, Prints, & Visual Artwork",poster,"poster, category:nature-landscapes, style:impressionism, orientation:portrait, room:living-room, room:bedroom, room:home-office, room:study, size:13x18, size:21x30, size:30x40, size:40x50, size:50x70, collection:new-arrivals",true,Print Style,Full Bleed,,Size,13 × 18 cm (Small),,,,,meadow-path-in-springtime-full-13x18,0,,,deny,manual,16.00,32.00,true,true,,,,,,https://cdn.jsdelivr.net/gh/reximprimis/posters@main/shopify_thumbs/nature-landscapes/Impressionism/Meadow_Path_in_Springtime_thumb.jpg?v=1789622222804,1,,false,Meadow Path in Springtime | REXIMPRIMIS,"Experience the serene beauty of spring with ""Meadow Path in Springtime,"" an evocative impressionist artwork that captures the gentle allure of a blooming…",,,,,,,,,,,https://cdn.jsdelivr.net/gh/reximprimis/posters@main/shopify_thumbs/nature-landscapes/Impressionism/Meadow_Path_in_Springtime_thumb.jpg?v=1789622222804,kg,,,active,
meadow-path-in-springtime,,,,,,,,,Full Bleed,,,21 × 30 cm (A4),,,,,meadow-path-in-springtime-full-21x30,0,,,deny,manual,26.00,52.00,true,true,,,,,,https://cdn.jsdelivr.net/gh/reximprimis/posters@main/shopify_thumbs/nature-landscapes/Impressionism/Meadow_Path_in_Springtime_ramka_thumb.jpg?v=1789622223645,2,,,,,,,,,,,,,,,https://cdn.jsdelivr.net/gh/reximprimis/posters@main/shopify_thumbs/nature-landscapes/Impressionism/Meadow_Path_in_Springtime_ramka_thumb.jpg?v=1789622223645,kg,,,,
meadow-path-in-springtime,,,,,,,,,Full Bleed,,,30 × 40 cm (Medium),,,,,meadow-path-in-springtime-full-30x40,0,,,deny,manual,43.00,86.00,true,true,,,,,,https://cdn.jsdelivr.net/gh/reximprimis/posters@main/shopify_thumbs/nature-landscapes/Impressionism/Meadow_Path_in_Springtime_mockup_frame.jpg?v=1789598835106,3,,,,,,,,,,,,,,,https://cdn.jsdelivr.net/gh/reximprimis/posters@main/shopify_thumbs/nature-landscapes/Impressionism/Meadow_Path_in_Springtime_mockup_frame.jpg?v=1789598835106,kg,,,,
meadow-path-in-springtime,,,,,,,,,Full Bleed,,,40 × 50 cm (Large),,,,,meadow-path-in-springtime-full-40x50,0,,,deny,manual,57.00,114.00,true,true,,,,,,https://cdn.jsdelivr.net/gh/reximprimis/posters@main/shopify_thumbs/nature-landscapes/Impressionism/Meadow_Path_in_Springtime_mockup_interior.jpg?v=1789598853611,4,,,,,,,,,,,,,,,https://cdn.jsdelivr.net/gh/reximprimis/posters@main/shopify_thumbs/nature-landscapes/Impressionism/Meadow_Path_in_Springtime_mockup_interior.jpg?v=1789598853611,kg,,,,
meadow-path-in-springtime,,,,,,,,,Full Bleed,,,50 × 70 cm (Large),,,,,meadow-path-in-springtime-full-50x70,0,,,deny,manual,71.00,142.00,true,true,,,,,,,,,,,,,,,,,,,,,,https://cdn.jsdelivr.net/gh/reximprimis/posters@main/shopify_thumbs/nature-landscapes/Impressionism/Meadow_Path_in_Springtime_thumb.jpg?v=1789622222804,kg,,,,
meadow-path-in-springtime,,,,,,,,,White Border,,,13 × 18 cm (Small),,,,,meadow-path-in-springtime-ramka-13x18,0,,,deny,manual,16.00,32.00,true,true,,,,,,,,,,,,,,,,,,,,,,https://cdn.jsdelivr.net/gh/reximprimis/posters@main/shopify_thumbs/nature-landscapes/Impressionism/Meadow_Path_in_Springtime_ramka_thumb.jpg?v=1789622223645,kg,,,,
meadow-path-in-springtime,,,,,,,,,White Border,,,21 × 30 cm (A4),,,,,meadow-path-in-springtime-ramka-21x30,0,,,deny,manual,26.00,52.00,true,true,,,,,,,,,,,,,,,,,,,,,,https://cdn.jsdelivr.net/gh/reximprimis/posters@main/shopify_thumbs/nature-landscapes/Impressionism/Meadow_Path_in_Springtime_ramka_thumb.jpg?v=1789622223645,kg,,,,
meadow-path-in-springtime,,,,,,,,,White Border,,,30 × 40 cm (Medium),,,,,meadow-path-in-springtime-ramka-30x40,0,,,deny,manual,43.00,86.00,true,true,,,,,,,,,,,,,,,,,,,,,,https://cdn.jsdelivr.net/gh/reximprimis/posters@main/shopify_thumbs/nature-landscapes/Impressionism/Meadow_Path_in_Springtime_ramka_thumb.jpg?v=1789622223645,kg,,,,
meadow-path-in-springtime,,,,,,,,,White Border,,,40 × 50 cm (Large),,,,,meadow-path-in-springtime-ramka-40x50,0,,,deny,manual,57.00,114.00,true,true,,,,,,,,,,,,,,,,,,,,,,https://cdn.jsdelivr.net/gh/reximprimis/posters@main/shopify_thumbs/nature-landscapes/Impressionism/Meadow_Path_in_Springtime_ramka_thumb.jpg?v=1789622223645,kg,,,,
meadow-path-in-springtime,,,,,,,,,White Border,,,50 × 70 cm (Large),,,,,meadow-path-in-springtime-ramka-50x70,0,,,deny,manual,71.00,142.00,true,true,,,,,,,,,,,,,,,,,,,,,,https://cdn.jsdelivr.net/gh/reximprimis/posters@main/shopify_thumbs/nature-landscapes/Impressionism/Meadow_Path_in_Springtime_ramka_thumb.jpg?v=1789622223645,kg,,,,
vineyard-rows-at-golden-hour,Vineyard Rows at Golden Hour,"<p>Experience the tranquil beauty of ""Vineyard Rows at Golden Hour,"" where the soft, dappled light bathes lush rows of vines in a warm, golden hue. This impressionist piece captures the serene essence of nature, inviting you to lose yourself in its rich colors and textured brushstrokes. Perfect for adding a touch of calm elegance to any space, it evokes the peacefulness of a sunlit evening in the vineyard.</p>",REXIMPRIMIS,"Home & Garden > Decor > Artwork > Posters, Prints, & Visual Artwork",poster,"poster, category:nature-landscapes, style:impressionism, orientation:portrait, room:living-room, room:bedroom, room:home-office, room:study, size:13x18, size:21x30, size:30x40, size:40x50, size:50x70, collection:new-arrivals",true,Print Style,Full Bleed,,Size,13 × 18 cm (Small),,,,,vineyard-rows-at-golden-hour-full-13x18,0,,,deny,manual,16.00,32.00,true,true,,,,,,https://cdn.jsdelivr.net/gh/reximprimis/posters@main/shopify_thumbs/nature-landscapes/Impressionism/Vineyard_Rows_at_Golden_Hour_thumb.jpg?v=1789622224296,1,,false,Vineyard Rows at Golden Hour | REXIMPRIMIS,"Experience the tranquil beauty of ""Vineyard Rows at Golden Hour,"" where the soft, dappled light bathes lush rows of vines in a warm, golden hue. This…",,,,,,,,,,,https://cdn.jsdelivr.net/gh/reximprimis/posters@main/shopify_thumbs/nature-landscapes/Impressionism/Vineyard_Rows_at_Golden_Hour_thumb.jpg?v=1789622224296,kg,,,active,
vineyard-rows-at-golden-hour,,,,,,,,,Full Bleed,,,21 × 30 cm (A4),,,,,vineyard-rows-at-golden-hour-full-21x30,0,,,deny,manual,26.00,52.00,true,true,,,,,,https://cdn.jsdelivr.net/gh/reximprimis/posters@main/shopify_thumbs/nature-landscapes/Impressionism/Vineyard_Rows_at_Golden_Hour_ramka_thumb.jpg?v=1789622225137,2,,,,,,,,,,,,,,,https://cdn.jsdelivr.net/gh/reximprimis/posters@main/shopify_thumbs/nature-landscapes/Impressionism/Vineyard_Rows_at_Golden_Hour_ramka_thumb.jpg?v=1789622225137,kg,,,,
vineyard-rows-at-golden-hour,,,,,,,,,Full Bleed,,,30 × 40 cm (Medium),,,,,vineyard-rows-at-golden-hour-full-30x40,0,,,deny,manual,43.00,86.00,true,true,,,,,,https://cdn.jsdelivr.net/gh/reximprimis/posters@main/shopify_thumbs/nature-landscapes/Impressionism/Vineyard_Rows_at_Golden_Hour_mockup_frame.jpg?v=1789598871950,3,,,,,,,,,,,,,,,https://cdn.jsdelivr.net/gh/reximprimis/posters@main/shopify_thumbs/nature-landscapes/Impressionism/Vineyard_Rows_at_Golden_Hour_mockup_frame.jpg?v=1789598871950,kg,,,,
vineyard-rows-at-golden-hour,,,,,,,,,Full Bleed,,,40 × 50 cm (Large),,,,,vineyard-rows-at-golden-hour-full-40x50,0,,,deny,manual,57.00,114.00,true,true,,,,,,https://cdn.jsdelivr.net/gh/reximprimis/posters@main/shopify_thumbs/nature-landscapes/Impressionism/Vineyard_Rows_at_Golden_Hour_mockup_interior.jpg?v=1789598888368,4,,,,,,,,,,,,,,,https://cdn.jsdelivr.net/gh/reximprimis/posters@main/shopify_thumbs/nature-landscapes/Impressionism/Vineyard_Rows_at_Golden_Hour_mockup_interior.jpg?v=1789598888368,kg,,,,
vineyard-rows-at-golden-hour,,,,,,,,,Full Bleed,,,50 × 70 cm (Large),,,,,vineyard-rows-at-golden-hour-full-50x70,0,,,deny,manual,71.00,142.00,true,true,,,,,,,,,,,,,,,,,,,,,,https://cdn.jsdelivr.net/gh/reximprimis/posters@main/shopify_thumbs/nature-landscapes/Impressionism/Vineyard_Rows_at_Golden_Hour_thumb.jpg?v=1789622224296,kg,,,,
vineyard-rows-at-golden-hour,,,,,,,,,White Border,,,13 × 18 cm (Small),,,,,vineyard-rows-at-golden-hour-ramka-13x18,0,,,deny,manual,16.00,32.00,true,true,,,,,,,,,,,,,,,,,,,,,,https://cdn.jsdelivr.net/gh/reximprimis/posters@main/shopify_thumbs/nature-landscapes/Impressionism/Vineyard_Rows_at_Golden_Hour_ramka_thumb.jpg?v=1789622225137,kg,,,,
vineyard-rows-at-golden-hour,,,,,,,,,White Border,,,21 × 30 cm (A4),,,,,vineyard-rows-at-golden-hour-ramka-21x30,0,,,deny,manual,26.00,52.00,true,true,,,,,,,,,,,,,,,,,,,,,,https://cdn.jsdelivr.net/gh/reximprimis/posters@main/shopify_thumbs/nature-landscapes/Impressionism/Vineyard_Rows_at_Golden_Hour_ramka_thumb.jpg?v=1789622225137,kg,,,,
vineyard-rows-at-golden-hour,,,,,,,,,White Border,,,30 × 40 cm (Medium),,,,,vineyard-rows-at-golden-hour-ramka-30x40,0,,,deny,manual,43.00,86.00,true,true,,,,,,,,,,,,,,,,,,,,,,https://cdn.jsdelivr.net/gh/reximprimis/posters@main/shopify_thumbs/nature-landscapes/Impressionism/Vineyard_Rows_at_Golden_Hour_ramka_thumb.jpg?v=1789622225137,kg,,,,
vineyard-rows-at-golden-hour,,,,,,,,,White Border,,,40 × 50 cm (Large),,,,,vineyard-rows-at-golden-hour-ramka-40x50,0,,,deny,manual,57.00,114.00,true,true,,,,,,,,,,,,,,,,,,,,,,https://cdn.jsdelivr.net/gh/reximprimis/posters@main/shopify_thumbs/nature-landscapes/Impressionism/Vineyard_Rows_at_Golden_Hour_ramka_thumb.jpg?v=1789622225137,kg,,,,
vineyard-rows-at-golden-hour,,,,,,,,,White Border,,,50 × 70 cm (Large),,,,,vineyard-rows-at-golden-hour-ramka-50x70,0,,,deny,manual,71.00,142.00,true,true,,,,,,,,,,,,,,,,,,,,,,https://cdn.jsdelivr.net/gh/reximprimis/posters@main/shopify_thumbs/nature-landscapes/Impressionism/Vineyard_Rows_at_Golden_Hour_ramka_thumb.jpg?v=1789622225137,kg,,,,
wheatfield-with-cypresses,Wheatfield with Cypresses,"<p>Embrace the serene beauty of nature with ""Wheatfield with Cypresses,"" a stunning impressionist portrayal that captures the tranquil essence of a sunlit field. The rich, textured brushstrokes convey a harmonious palette of golden yellows and deep greens, inviting you to lose yourself in the dappled light and soft edges of the landscape. This artwork transforms any space into a calming retreat, echoing the peaceful rhythms of the natural world.</p>",REXIMPRIMIS,"Home & Garden > Decor > Artwork > Posters, Prints, & Visual Artwork",poster,"poster, category:nature-landscapes, style:impressionism, orientation:portrait, room:living-room, room:bedroom, room:home-office, room:study, size:13x18, size:21x30, size:30x40, size:40x50, size:50x70, collection:new-arrivals",true,Print Style,Full Bleed,,Size,13 × 18 cm (Small),,,,,wheatfield-with-cypresses-full-13x18,0,,,deny,manual,16.00,32.00,true,true,,,,,,https://cdn.jsdelivr.net/gh/reximprimis/posters@main/shopify_thumbs/nature-landscapes/Impressionism/Wheatfield_with_Cypresses_thumb.jpg?v=1789622225849,1,,false,Wheatfield with Cypresses | REXIMPRIMIS,"Embrace the serene beauty of nature with ""Wheatfield with Cypresses,"" a stunning impressionist portrayal that captures the tranquil essence of a sunlit field…",,,,,,,,,,,https://cdn.jsdelivr.net/gh/reximprimis/posters@main/shopify_thumbs/nature-landscapes/Impressionism/Wheatfield_with_Cypresses_thumb.jpg?v=1789622225849,kg,,,active,
wheatfield-with-cypresses,,,,,,,,,Full Bleed,,,21 × 30 cm (A4),,,,,wheatfield-with-cypresses-full-21x30,0,,,deny,manual,26.00,52.00,true,true,,,,,,https://cdn.jsdelivr.net/gh/reximprimis/posters@main/shopify_thumbs/nature-landscapes/Impressionism/Wheatfield_with_Cypresses_ramka_thumb.jpg?v=1789622226739,2,,,,,,,,,,,,,,,https://cdn.jsdelivr.net/gh/reximprimis/posters@main/shopify_thumbs/nature-landscapes/Impressionism/Wheatfield_with_Cypresses_ramka_thumb.jpg?v=1789622226739,kg,,,,
wheatfield-with-cypresses,,,,,,,,,Full Bleed,,,30 × 40 cm (Medium),,,,,wheatfield-with-cypresses-full-30x40,0,,,deny,manual,43.00,86.00,true,true,,,,,,https://cdn.jsdelivr.net/gh/reximprimis/posters@main/shopify_thumbs/nature-landscapes/Impressionism/Wheatfield_with_Cypresses_mockup_frame.jpg?v=1789598909854,3,,,,,,,,,,,,,,,https://cdn.jsdelivr.net/gh/reximprimis/posters@main/shopify_thumbs/nature-landscapes/Impressionism/Wheatfield_with_Cypresses_mockup_frame.jpg?v=1789598909854,kg,,,,
wheatfield-with-cypresses,,,,,,,,,Full Bleed,,,40 × 50 cm (Large),,,,,wheatfield-with-cypresses-full-40x50,0,,,deny,manual,57.00,114.00,true,true,,,,,,https://cdn.jsdelivr.net/gh/reximprimis/posters@main/shopify_thumbs/nature-landscapes/Impressionism/Wheatfield_with_Cypresses_mockup_interior.jpg?v=1789598928207,4,,,,,,,,,,,,,,,https://cdn.jsdelivr.net/gh/reximprimis/posters@main/shopify_thumbs/nature-landscapes/Impressionism/Wheatfield_with_Cypresses_mockup_interior.jpg?v=1789598928207,kg,,,,
wheatfield-with-cypresses,,,,,,,,,Full Bleed,,,50 × 70 cm (Large),,,,,wheatfield-with-cypresses-full-50x70,0,,,deny,manual,71.00,142.00,true,true,,,,,,,,,,,,,,,,,,,,,,https://cdn.jsdelivr.net/gh/reximprimis/posters@main/shopify_thumbs/nature-landscapes/Impressionism/Wheatfield_with_Cypresses_thumb.jpg?v=1789622225849,kg,,,,
wheatfield-with-cypresses,,,,,,,,,White Border,,,13 × 18 cm (Small),,,,,wheatfield-with-cypresses-ramka-13x18,0,,,deny,manual,16.00,32.00,true,true,,,,,,,,,,,,,,,,,,,,,,https://cdn.jsdelivr.net/gh/reximprimis/posters@main/shopify_thumbs/nature-landscapes/Impressionism/Wheatfield_with_Cypresses_ramka_thumb.jpg?v=1789622226739,kg,,,,
wheatfield-with-cypresses,,,,,,,,,White Border,,,21 × 30 cm (A4),,,,,wheatfield-with-cypresses-ramka-21x30,0,,,deny,manual,26.00,52.00,true,true,,,,,,,,,,,,,,,,,,,,,,https://cdn.jsdelivr.net/gh/reximprimis/posters@main/shopify_thumbs/nature-landscapes/Impressionism/Wheatfield_with_Cypresses_ramka_thumb.jpg?v=1789622226739,kg,,,,
wheatfield-with-cypresses,,,,,,,,,White Border,,,30 × 40 cm (Medium),,,,,wheatfield-with-cypresses-ramka-30x40,0,,,deny,manual,43.00,86.00,true,true,,,,,,,,,,,,,,,,,,,,,,https://cdn.jsdelivr.net/gh/reximprimis/posters@main/shopify_thumbs/nature-landscapes/Impressionism/Wheatfield_with_Cypresses_ramka_thumb.jpg?v=1789622226739,kg,,,,
wheatfield-with-cypresses,,,,,,,,,White Border,,,40 × 50 cm (Large),,,,,wheatfield-with-cypresses-ramka-40x50,0,,,deny,manual,57.00,114.00,true,true,,,,,,,,,,,,,,,,,,,,,,https://cdn.jsdelivr.net/gh/reximprimis/posters@main/shopify_thumbs/nature-landscapes/Impressionism/Wheatfield_with_Cypresses_ramka_thumb.jpg?v=1789622226739,kg,,,,
wheatfield-with-cypresses,,,,,,,,,White Border,,,50 × 70 cm (Large),,,,,wheatfield-with-cypresses-ramka-50x70,0,,,deny,manual,71.00,142.00,true,true,,,,,,,,,,,,,,,,,,,,,,https://cdn.jsdelivr.net/gh/reximprimis/posters@main/shopify_thumbs/nature-landscapes/Impressionism/Wheatfield_with_Cypresses_ramka_thumb.jpg?v=1789622226739,kg,,,,
riverbank-willows-at-dusk,Riverbank Willows at Dusk,"<p>Embrace the serene beauty of twilight with ""Riverbank Willows at Dusk,"" an impressionist portrayal that captures the gentle interplay of light and shadow among the willows. Rich, natural hues blend harmoniously, evoking a tranquil atmosphere reminiscent of late-19th-century French artistry. This piece invites you to pause and reflect, making it a perfect addition to any space seeking calm elegance.</p>",REXIMPRIMIS,"Home & Garden > Decor > Artwork > Posters, Prints, & Visual Artwork",poster,"poster, category:nature-landscapes, style:impressionism, orientation:portrait, room:living-room, room:bedroom, room:home-office, room:study, size:13x18, size:21x30, size:30x40, size:40x50, size:50x70, collection:new-arrivals",true,Print Style,Full Bleed,,Size,13 × 18 cm (Small),,,,,riverbank-willows-at-dusk-full-13x18,0,,,deny,manual,16.00,32.00,true,true,,,,,,https://cdn.jsdelivr.net/gh/reximprimis/posters@main/shopify_thumbs/nature-landscapes/Impressionism/Riverbank_Willows_at_Dusk_thumb.jpg?v=1789622227400,1,,false,Riverbank Willows at Dusk | REXIMPRIMIS,"Embrace the serene beauty of twilight with ""Riverbank Willows at Dusk,"" an impressionist portrayal that captures the gentle interplay of light and shadow among…",,,,,,,,,,,https://cdn.jsdelivr.net/gh/reximprimis/posters@main/shopify_thumbs/nature-landscapes/Impressionism/Riverbank_Willows_at_Dusk_thumb.jpg?v=1789622227400,kg,,,active,
riverbank-willows-at-dusk,,,,,,,,,Full Bleed,,,21 × 30 cm (A4),,,,,riverbank-willows-at-dusk-full-21x30,0,,,deny,manual,26.00,52.00,true,true,,,,,,https://cdn.jsdelivr.net/gh/reximprimis/posters@main/shopify_thumbs/nature-landscapes/Impressionism/Riverbank_Willows_at_Dusk_ramka_thumb.jpg?v=1789622228232,2,,,,,,,,,,,,,,,https://cdn.jsdelivr.net/gh/reximprimis/posters@main/shopify_thumbs/nature-landscapes/Impressionism/Riverbank_Willows_at_Dusk_ramka_thumb.jpg?v=1789622228232,kg,,,,
riverbank-willows-at-dusk,,,,,,,,,Full Bleed,,,30 × 40 cm (Medium),,,,,riverbank-willows-at-dusk-full-30x40,0,,,deny,manual,43.00,86.00,true,true,,,,,,https://cdn.jsdelivr.net/gh/reximprimis/posters@main/shopify_thumbs/nature-landscapes/Impressionism/Riverbank_Willows_at_Dusk_mockup_frame.jpg?v=1789598947138,3,,,,,,,,,,,,,,,https://cdn.jsdelivr.net/gh/reximprimis/posters@main/shopify_thumbs/nature-landscapes/Impressionism/Riverbank_Willows_at_Dusk_mockup_frame.jpg?v=1789598947138,kg,,,,
riverbank-willows-at-dusk,,,,,,,,,Full Bleed,,,40 × 50 cm (Large),,,,,riverbank-willows-at-dusk-full-40x50,0,,,deny,manual,57.00,114.00,true,true,,,,,,https://cdn.jsdelivr.net/gh/reximprimis/posters@main/shopify_thumbs/nature-landscapes/Impressionism/Riverbank_Willows_at_Dusk_mockup_interior.jpg?v=1789598966243,4,,,,,,,,,,,,,,,https://cdn.jsdelivr.net/gh/reximprimis/posters@main/shopify_thumbs/nature-landscapes/Impressionism/Riverbank_Willows_at_Dusk_mockup_interior.jpg?v=1789598966243,kg,,,,
riverbank-willows-at-dusk,,,,,,,,,Full Bleed,,,50 × 70 cm (Large),,,,,riverbank-willows-at-dusk-full-50x70,0,,,deny,manual,71.00,142.00,true,true,,,,,,,,,,,,,,,,,,,,,,https://cdn.jsdelivr.net/gh/reximprimis/posters@main/shopify_thumbs/nature-landscapes/Impressionism/Riverbank_Willows_at_Dusk_thumb.jpg?v=1789622227400,kg,,,,
riverbank-willows-at-dusk,,,,,,,,,White Border,,,13 × 18 cm (Small),,,,,riverbank-willows-at-dusk-ramka-13x18,0,,,deny,manual,16.00,32.00,true,true,,,,,,,,,,,,,,,,,,,,,,https://cdn.jsdelivr.net/gh/reximprimis/posters@main/shopify_thumbs/nature-landscapes/Impressionism/Riverbank_Willows_at_Dusk_ramka_thumb.jpg?v=1789622228232,kg,,,,
riverbank-willows-at-dusk,,,,,,,,,White Border,,,21 × 30 cm (A4),,,,,riverbank-willows-at-dusk-ramka-21x30,0,,,deny,manual,26.00,52.00,true,true,,,,,,,,,,,,,,,,,,,,,,https://cdn.jsdelivr.net/gh/reximprimis/posters@main/shopify_thumbs/nature-landscapes/Impressionism/Riverbank_Willows_at_Dusk_ramka_thumb.jpg?v=1789622228232,kg,,,,
riverbank-willows-at-dusk,,,,,,,,,White Border,,,30 × 40 cm (Medium),,,,,riverbank-willows-at-dusk-ramka-30x40,0,,,deny,manual,43.00,86.00,true,true,,,,,,,,,,,,,,,,,,,,,,https://cdn.jsdelivr.net/gh/reximprimis/posters@main/shopify_thumbs/nature-landscapes/Impressionism/Riverbank_Willows_at_Dusk_ramka_thumb.jpg?v=1789622228232,kg,,,,
riverbank-willows-at-dusk,,,,,,,,,White Border,,,40 × 50 cm (Large),,,,,riverbank-willows-at-dusk-ramka-40x50,0,,,deny,manual,57.00,114.00,true,true,,,,,,,,,,,,,,,,,,,,,,https://cdn.jsdelivr.net/gh/reximprimis/posters@main/shopify_thumbs/nature-landscapes/Impressionism/Riverbank_Willows_at_Dusk_ramka_thumb.jpg?v=1789622228232,kg,,,,
riverbank-willows-at-dusk,,,,,,,,,White Border,,,50 × 70 cm (Large),,,,,riverbank-willows-at-dusk-ramka-50x70,0,,,deny,manual,71.00,142.00,true,true,,,,,,,,,,,,,,,,,,,,,,https://cdn.jsdelivr.net/gh/reximprimis/posters@main/shopify_thumbs/nature-landscapes/Impressionism/Riverbank_Willows_at_Dusk_ramka_thumb.jpg?v=1789622228232,kg,,,,
orchard-in-blossom,Orchard in Blossom,"<p>Embrace the serene beauty of nature with ""Orchard in Blossom,"" an impressionistic portrayal that captures the delicate essence of blossoming branches. Rich in color and texture, this artwork invites a sense of calm and tranquility into your space, evoking the gentle warmth of springtime. Let the soft brushstrokes and dappled light transport you to a peaceful orchard, where nature flourishes in harmonious simplicity.</p>",REXIMPRIMIS,"Home & Garden > Decor > Artwork > Posters, Prints, & Visual Artwork",poster,"poster, category:nature-landscapes, style:impressionism, orientation:portrait, room:living-room, room:bedroom, room:home-office, room:study, size:13x18, size:21x30, size:30x40, size:40x50, size:50x70, collection:new-arrivals",true,Print Style,Full Bleed,,Size,13 × 18 cm (Small),,,,,orchard-in-blossom-full-13x18,0,,,deny,manual,16.00,32.00,true,true,,,,,,https://cdn.jsdelivr.net/gh/reximprimis/posters@main/shopify_thumbs/nature-landscapes/Impressionism/Orchard_in_Blossom_thumb.jpg?v=1789622228951,1,,false,Orchard in Blossom | REXIMPRIMIS,"Embrace the serene beauty of nature with ""Orchard in Blossom,"" an impressionistic portrayal that captures the delicate essence of blossoming branches. Rich in…",,,,,,,,,,,https://cdn.jsdelivr.net/gh/reximprimis/posters@main/shopify_thumbs/nature-landscapes/Impressionism/Orchard_in_Blossom_thumb.jpg?v=1789622228951,kg,,,active,
orchard-in-blossom,,,,,,,,,Full Bleed,,,21 × 30 cm (A4),,,,,orchard-in-blossom-full-21x30,0,,,deny,manual,26.00,52.00,true,true,,,,,,https://cdn.jsdelivr.net/gh/reximprimis/posters@main/shopify_thumbs/nature-landscapes/Impressionism/Orchard_in_Blossom_ramka_thumb.jpg?v=1789622229784,2,,,,,,,,,,,,,,,https://cdn.jsdelivr.net/gh/reximprimis/posters@main/shopify_thumbs/nature-landscapes/Impressionism/Orchard_in_Blossom_ramka_thumb.jpg?v=1789622229784,kg,,,,
orchard-in-blossom,,,,,,,,,Full Bleed,,,30 × 40 cm (Medium),,,,,orchard-in-blossom-full-30x40,0,,,deny,manual,43.00,86.00,true,true,,,,,,https://cdn.jsdelivr.net/gh/reximprimis/posters@main/shopify_thumbs/nature-landscapes/Impressionism/Orchard_in_Blossom_mockup_frame.jpg?v=1789598989372,3,,,,,,,,,,,,,,,https://cdn.jsdelivr.net/gh/reximprimis/posters@main/shopify_thumbs/nature-landscapes/Impressionism/Orchard_in_Blossom_mockup_frame.jpg?v=1789598989372,kg,,,,
orchard-in-blossom,,,,,,,,,Full Bleed,,,40 × 50 cm (Large),,,,,orchard-in-blossom-full-40x50,0,,,deny,manual,57.00,114.00,true,true,,,,,,https://cdn.jsdelivr.net/gh/reximprimis/posters@main/shopify_thumbs/nature-landscapes/Impressionism/Orchard_in_Blossom_mockup_interior.jpg?v=1789599008560,4,,,,,,,,,,,,,,,https://cdn.jsdelivr.net/gh/reximprimis/posters@main/shopify_thumbs/nature-landscapes/Impressionism/Orchard_in_Blossom_mockup_interior.jpg?v=1789599008560,kg,,,,
orchard-in-blossom,,,,,,,,,Full Bleed,,,50 × 70 cm (Large),,,,,orchard-in-blossom-full-50x70,0,,,deny,manual,71.00,142.00,true,true,,,,,,,,,,,,,,,,,,,,,,https://cdn.jsdelivr.net/gh/reximprimis/posters@main/shopify_thumbs/nature-landscapes/Impressionism/Orchard_in_Blossom_thumb.jpg?v=1789622228951,kg,,,,
orchard-in-blossom,,,,,,,,,White Border,,,13 × 18 cm (Small),,,,,orchard-in-blossom-ramka-13x18,0,,,deny,manual,16.00,32.00,true,true,,,,,,,,,,,,,,,,,,,,,,https://cdn.jsdelivr.net/gh/reximprimis/posters@main/shopify_thumbs/nature-landscapes/Impressionism/Orchard_in_Blossom_ramka_thumb.jpg?v=1789622229784,kg,,,,
orchard-in-blossom,,,,,,,,,White Border,,,21 × 30 cm (A4),,,,,orchard-in-blossom-ramka-21x30,0,,,deny,manual,26.00,52.00,true,true,,,,,,,,,,,,,,,,,,,,,,https://cdn.jsdelivr.net/gh/reximprimis/posters@main/shopify_thumbs/nature-landscapes/Impressionism/Orchard_in_Blossom_ramka_thumb.jpg?v=1789622229784,kg,,,,
orchard-in-blossom,,,,,,,,,White Border,,,30 × 40 cm (Medium),,,,,orchard-in-blossom-ramka-30x40,0,,,deny,manual,43.00,86.00,true,true,,,,,,,,,,,,,,,,,,,,,,https://cdn.jsdelivr.net/gh/reximprimis/posters@main/shopify_thumbs/nature-landscapes/Impressionism/Orchard_in_Blossom_ramka_thumb.jpg?v=1789622229784,kg,,,,
orchard-in-blossom,,,,,,,,,White Border,,,40 × 50 cm (Large),,,,,orchard-in-blossom-ramka-40x50,0,,,deny,manual,57.00,114.00,true,true,,,,,,,,,,,,,,,,,,,,,,https://cdn.jsdelivr.net/gh/reximprimis/posters@main/shopify_thumbs/nature-landscapes/Impressionism/Orchard_in_Blossom_ramka_thumb.jpg?v=1789622229784,kg,,,,
orchard-in-blossom,,,,,,,,,White Border,,,50 × 70 cm (Large),,,,,orchard-in-blossom-ramka-50x70,0,,,deny,manual,71.00,142.00,true,true,,,,,,,,,,,,,,,,,,,,,,https://cdn.jsdelivr.net/gh/reximprimis/posters@main/shopify_thumbs/nature-landscapes/Impressionism/Orchard_in_Blossom_ramka_thumb.jpg?v=1789622229784,kg,,,,
rolling-hills-in-provence,Rolling Hills in Provence,"<p>Experience the serene beauty of ""Rolling Hills in Provence,"" where impressionistic brushstrokes evoke a tranquil landscape bathed in dappled light. Rich, harmonious colors capture the essence of the French countryside, inviting a sense of calm and nostalgia into your space. This artwork transforms your environment, creating a peaceful retreat reminiscent of sunlit fields and gentle rolling hills.</p>",REXIMPRIMIS,"Home & Garden > Decor > Artwork > Posters, Prints, & Visual Artwork",poster,"poster, category:nature-landscapes, style:impressionism, orientation:portrait, room:living-room, room:bedroom, room:home-office, room:study, size:13x18, size:21x30, size:30x40, size:40x50, size:50x70, collection:new-arrivals",true,Print Style,Full Bleed,,Size,13 × 18 cm (Small),,,,,rolling-hills-in-provence-full-13x18,0,,,deny,manual,16.00,32.00,true,true,,,,,,https://cdn.jsdelivr.net/gh/reximprimis/posters@main/shopify_thumbs/nature-landscapes/Impressionism/Rolling_Hills_in_Provence_thumb.jpg?v=1789622230460,1,,false,Rolling Hills in Provence | REXIMPRIMIS,"Experience the serene beauty of ""Rolling Hills in Provence,"" where impressionistic brushstrokes evoke a tranquil landscape bathed in dappled light. Rich…",,,,,,,,,,,https://cdn.jsdelivr.net/gh/reximprimis/posters@main/shopify_thumbs/nature-landscapes/Impressionism/Rolling_Hills_in_Provence_thumb.jpg?v=1789622230460,kg,,,active,
rolling-hills-in-provence,,,,,,,,,Full Bleed,,,21 × 30 cm (A4),,,,,rolling-hills-in-provence-full-21x30,0,,,deny,manual,26.00,52.00,true,true,,,,,,https://cdn.jsdelivr.net/gh/reximprimis/posters@main/shopify_thumbs/nature-landscapes/Impressionism/Rolling_Hills_in_Provence_ramka_thumb.jpg?v=1789622231278,2,,,,,,,,,,,,,,,https://cdn.jsdelivr.net/gh/reximprimis/posters@main/shopify_thumbs/nature-landscapes/Impressionism/Rolling_Hills_in_Provence_ramka_thumb.jpg?v=1789622231278,kg,,,,
rolling-hills-in-provence,,,,,,,,,Full Bleed,,,30 × 40 cm (Medium),,,,,rolling-hills-in-provence-full-30x40,0,,,deny,manual,43.00,86.00,true,true,,,,,,https://cdn.jsdelivr.net/gh/reximprimis/posters@main/shopify_thumbs/nature-landscapes/Impressionism/Rolling_Hills_in_Provence_mockup_frame.jpg?v=1789599027873,3,,,,,,,,,,,,,,,https://cdn.jsdelivr.net/gh/reximprimis/posters@main/shopify_thumbs/nature-landscapes/Impressionism/Rolling_Hills_in_Provence_mockup_frame.jpg?v=1789599027873,kg,,,,
rolling-hills-in-provence,,,,,,,,,Full Bleed,,,40 × 50 cm (Large),,,,,rolling-hills-in-provence-full-40x50,0,,,deny,manual,57.00,114.00,true,true,,,,,,https://cdn.jsdelivr.net/gh/reximprimis/posters@main/shopify_thumbs/nature-landscapes/Impressionism/Rolling_Hills_in_Provence_mockup_interior.jpg?v=1789599049542,4,,,,,,,,,,,,,,,https://cdn.jsdelivr.net/gh/reximprimis/posters@main/shopify_thumbs/nature-landscapes/Impressionism/Rolling_Hills_in_Provence_mockup_interior.jpg?v=1789599049542,kg,,,,
rolling-hills-in-provence,,,,,,,,,Full Bleed,,,50 × 70 cm (Large),,,,,rolling-hills-in-provence-full-50x70,0,,,deny,manual,71.00,142.00,true,true,,,,,,,,,,,,,,,,,,,,,,https://cdn.jsdelivr.net/gh/reximprimis/posters@main/shopify_thumbs/nature-landscapes/Impressionism/Rolling_Hills_in_Provence_thumb.jpg?v=1789622230460,kg,,,,
rolling-hills-in-provence,,,,,,,,,White Border,,,13 × 18 cm (Small),,,,,rolling-hills-in-provence-ramka-13x18,0,,,deny,manual,16.00,32.00,true,true,,,,,,,,,,,,,,,,,,,,,,https://cdn.jsdelivr.net/gh/reximprimis/posters@main/shopify_thumbs/nature-landscapes/Impressionism/Rolling_Hills_in_Provence_ramka_thumb.jpg?v=1789622231278,kg,,,,
rolling-hills-in-provence,,,,,,,,,White Border,,,21 × 30 cm (A4),,,,,rolling-hills-in-provence-ramka-21x30,0,,,deny,manual,26.00,52.00,true,true,,,,,,,,,,,,,,,,,,,,,,https://cdn.jsdelivr.net/gh/reximprimis/posters@main/shopify_thumbs/nature-landscapes/Impressionism/Rolling_Hills_in_Provence_ramka_thumb.jpg?v=1789622231278,kg,,,,
rolling-hills-in-provence,,,,,,,,,White Border,,,30 × 40 cm (Medium),,,,,rolling-hills-in-provence-ramka-30x40,0,,,deny,manual,43.00,86.00,true,true,,,,,,,,,,,,,,,,,,,,,,https://cdn.jsdelivr.net/gh/reximprimis/posters@main/shopify_thumbs/nature-landscapes/Impressionism/Rolling_Hills_in_Provence_ramka_thumb.jpg?v=1789622231278,kg,,,,
rolling-hills-in-provence,,,,,,,,,White Border,,,40 × 50 cm (Large),,,,,rolling-hills-in-provence-ramka-40x50,0,,,deny,manual,57.00,114.00,true,true,,,,,,,,,,,,,,,,,,,,,,https://cdn.jsdelivr.net/gh/reximprimis/posters@main/shopify_thumbs/nature-landscapes/Impressionism/Rolling_Hills_in_Provence_ramka_thumb.jpg?v=1789622231278,kg,,,,
rolling-hills-in-provence,,,,,,,,,White Border,,,50 × 70 cm (Large),,,,,rolling-hills-in-provence-ramka-50x70,0,,,deny,manual,71.00,142.00,true,true,,,,,,,,,,,,,,,,,,,,,,https://cdn.jsdelivr.net/gh/reximprimis/posters@main/shopify_thumbs/nature-landscapes/Impressionism/Rolling_Hills_in_Provence_ramka_thumb.jpg?v=1789622231278,kg,,,,
autumn-poplars-along-the-road,Autumn Poplars Along the Road,"<p>Experience the serene beauty of autumn with ""Autumn Poplars Along the Road,"" an impressionist portrayal that captures the essence of the season. Thick brushstrokes and a harmonious palette evoke the warmth and tranquility of a sun-dappled landscape, inviting you to wander through a vibrant tapestry of golden leaves and soft, natural light. This artwork breathes life into any space, creating a calming atmosphere that reflects the fleeting beauty of nature.</p>",REXIMPRIMIS,"Home & Garden > Decor > Artwork > Posters, Prints, & Visual Artwork",poster,"poster, category:nature-landscapes, style:impressionism, orientation:portrait, room:living-room, room:bedroom, room:home-office, room:study, size:13x18, size:21x30, size:30x40, size:40x50, size:50x70, collection:new-arrivals",true,Print Style,Full Bleed,,Size,13 × 18 cm (Small),,,,,autumn-poplars-along-the-road-full-13x18,0,,,deny,manual,16.00,32.00,true,true,,,,,,https://cdn.jsdelivr.net/gh/reximprimis/posters@main/shopify_thumbs/nature-landscapes/Impressionism/Autumn_Poplars_Along_the_Road_thumb.jpg?v=1789622231959,1,,false,Autumn Poplars Along the Road | REXIMPRIMIS,"Experience the serene beauty of autumn with ""Autumn Poplars Along the Road,"" an impressionist portrayal that captures the essence of the season. Thick…",,,,,,,,,,,https://cdn.jsdelivr.net/gh/reximprimis/posters@main/shopify_thumbs/nature-landscapes/Impressionism/Autumn_Poplars_Along_the_Road_thumb.jpg?v=1789622231959,kg,,,active,
autumn-poplars-along-the-road,,,,,,,,,Full Bleed,,,21 × 30 cm (A4),,,,,autumn-poplars-along-the-road-full-21x30,0,,,deny,manual,26.00,52.00,true,true,,,,,,https://cdn.jsdelivr.net/gh/reximprimis/posters@main/shopify_thumbs/nature-landscapes/Impressionism/Autumn_Poplars_Along_the_Road_ramka_thumb.jpg?v=1789622232803,2,,,,,,,,,,,,,,,https://cdn.jsdelivr.net/gh/reximprimis/posters@main/shopify_thumbs/nature-landscapes/Impressionism/Autumn_Poplars_Along_the_Road_ramka_thumb.jpg?v=1789622232803,kg,,,,
autumn-poplars-along-the-road,,,,,,,,,Full Bleed,,,30 × 40 cm (Medium),,,,,autumn-poplars-along-the-road-full-30x40,0,,,deny,manual,43.00,86.00,true,true,,,,,,https://cdn.jsdelivr.net/gh/reximprimis/posters@main/shopify_thumbs/nature-landscapes/Impressionism/Autumn_Poplars_Along_the_Road_mockup_frame.jpg?v=1789599067653,3,,,,,,,,,,,,,,,https://cdn.jsdelivr.net/gh/reximprimis/posters@main/shopify_thumbs/nature-landscapes/Impressionism/Autumn_Poplars_Along_the_Road_mockup_frame.jpg?v=1789599067653,kg,,,,
autumn-poplars-along-the-road,,,,,,,,,Full Bleed,,,40 × 50 cm (Large),,,,,autumn-poplars-along-the-road-full-40x50,0,,,deny,manual,57.00,114.00,true,true,,,,,,https://cdn.jsdelivr.net/gh/reximprimis/posters@main/shopify_thumbs/nature-landscapes/Impressionism/Autumn_Poplars_Along_the_Road_mockup_interior.jpg?v=1789599085819,4,,,,,,,,,,,,,,,https://cdn.jsdelivr.net/gh/reximprimis/posters@main/shopify_thumbs/nature-landscapes/Impressionism/Autumn_Poplars_Along_the_Road_mockup_interior.jpg?v=1789599085819,kg,,,,
autumn-poplars-along-the-road,,,,,,,,,Full Bleed,,,50 × 70 cm (Large),,,,,autumn-poplars-along-the-road-full-50x70,0,,,deny,manual,71.00,142.00,true,true,,,,,,,,,,,,,,,,,,,,,,https://cdn.jsdelivr.net/gh/reximprimis/posters@main/shopify_thumbs/nature-landscapes/Impressionism/Autumn_Poplars_Along_the_Road_thumb.jpg?v=1789622231959,kg,,,,
autumn-poplars-along-the-road,,,,,,,,,White Border,,,13 × 18 cm (Small),,,,,autumn-poplars-along-the-road-ramka-13x18,0,,,deny,manual,16.00,32.00,true,true,,,,,,,,,,,,,,,,,,,,,,https://cdn.jsdelivr.net/gh/reximprimis/posters@main/shopify_thumbs/nature-landscapes/Impressionism/Autumn_Poplars_Along_the_Road_ramka_thumb.jpg?v=1789622232803,kg,,,,
autumn-poplars-along-the-road,,,,,,,,,White Border,,,21 × 30 cm (A4),,,,,autumn-poplars-along-the-road-ramka-21x30,0,,,deny,manual,26.00,52.00,true,true,,,,,,,,,,,,,,,,,,,,,,https://cdn.jsdelivr.net/gh/reximprimis/posters@main/shopify_thumbs/nature-landscapes/Impressionism/Autumn_Poplars_Along_the_Road_ramka_thumb.jpg?v=1789622232803,kg,,,,
autumn-poplars-along-the-road,,,,,,,,,White Border,,,30 × 40 cm (Medium),,,,,autumn-poplars-along-the-road-ramka-30x40,0,,,deny,manual,43.00,86.00,true,true,,,,,,,,,,,,,,,,,,,,,,https://cdn.jsdelivr.net/gh/reximprimis/posters@main/shopify_thumbs/nature-landscapes/Impressionism/Autumn_Poplars_Along_the_Road_ramka_thumb.jpg?v=1789622232803,kg,,,,
autumn-poplars-along-the-road,,,,,,,,,White Border,,,40 × 50 cm (Large),,,,,autumn-poplars-along-the-road-ramka-40x50,0,,,deny,manual,57.00,114.00,true,true,,,,,,,,,,,,,,,,,,,,,,https://cdn.jsdelivr.net/gh/reximprimis/posters@main/shopify_thumbs/nature-landscapes/Impressionism/Autumn_Poplars_Along_the_Road_ramka_thumb.jpg?v=1789622232803,kg,,,,
autumn-poplars-along-the-road,,,,,,,,,White Border,,,50 × 70 cm (Large),,,,,autumn-poplars-along-the-road-ramka-50x70,0,,,deny,manual,71.00,142.00,true,true,,,,,,,,,,,,,,,,,,,,,,https://cdn.jsdelivr.net/gh/reximprimis/posters@main/shopify_thumbs/nature-landscapes/Impressionism/Autumn_Poplars_Along_the_Road_ramka_thumb.jpg?v=1789622232803,kg,,,,
sailboats-at-sunset-harbor,Sailboats at Sunset Harbor,"<p>Embrace the serene charm of ""Sailboats at Sunset Harbor,"" where impressionist brushstrokes capture the tranquil beauty of sailboats gently anchored as the sun dips below the horizon. The rich, natural color palette and dappled light evoke a sense of calm, inviting you to lose yourself in the quiet elegance of this coastal scene. Perfect for adding a touch of refined artistry to your space, this artwork transforms any room into a peaceful retreat.</p>",REXIMPRIMIS,"Home & Garden > Decor > Artwork > Posters, Prints, & Visual Artwork",poster,"poster, category:sea-coast, style:impressionism, orientation:portrait, room:living-room, room:bedroom, room:bathroom, room:home-office, size:13x18, size:21x30, size:30x40, size:40x50, size:50x70, collection:new-arrivals",true,Print Style,Full Bleed,,Size,13 × 18 cm (Small),,,,,sailboats-at-sunset-harbor-full-13x18,0,,,deny,manual,16.00,32.00,true,true,,,,,,https://cdn.jsdelivr.net/gh/reximprimis/posters@main/shopify_thumbs/sea-coast/Impressionism/Sailboats_at_Sunset_Harbor_thumb.jpg?v=1789622233514,1,,false,Sailboats at Sunset Harbor | REXIMPRIMIS,"Embrace the serene charm of ""Sailboats at Sunset Harbor,"" where impressionist brushstrokes capture the tranquil beauty of sailboats gently anchored as the sun…",,,,,,,,,,,https://cdn.jsdelivr.net/gh/reximprimis/posters@main/shopify_thumbs/sea-coast/Impressionism/Sailboats_at_Sunset_Harbor_thumb.jpg?v=1789622233514,kg,,,active,
sailboats-at-sunset-harbor,,,,,,,,,Full Bleed,,,21 × 30 cm (A4),,,,,sailboats-at-sunset-harbor-full-21x30,0,,,deny,manual,26.00,52.00,true,true,,,,,,https://cdn.jsdelivr.net/gh/reximprimis/posters@main/shopify_thumbs/sea-coast/Impressionism/Sailboats_at_Sunset_Harbor_ramka_thumb.jpg?v=1789622234370,2,,,,,,,,,,,,,,,https://cdn.jsdelivr.net/gh/reximprimis/posters@main/shopify_thumbs/sea-coast/Impressionism/Sailboats_at_Sunset_Harbor_ramka_thumb.jpg?v=1789622234370,kg,,,,
sailboats-at-sunset-harbor,,,,,,,,,Full Bleed,,,30 × 40 cm (Medium),,,,,sailboats-at-sunset-harbor-full-30x40,0,,,deny,manual,43.00,86.00,true,true,,,,,,https://cdn.jsdelivr.net/gh/reximprimis/posters@main/shopify_thumbs/sea-coast/Impressionism/Sailboats_at_Sunset_Harbor_mockup_frame.jpg?v=1789599117250,3,,,,,,,,,,,,,,,https://cdn.jsdelivr.net/gh/reximprimis/posters@main/shopify_thumbs/sea-coast/Impressionism/Sailboats_at_Sunset_Harbor_mockup_frame.jpg?v=1789599117250,kg,,,,
sailboats-at-sunset-harbor,,,,,,,,,Full Bleed,,,40 × 50 cm (Large),,,,,sailboats-at-sunset-harbor-full-40x50,0,,,deny,manual,57.00,114.00,true,true,,,,,,https://cdn.jsdelivr.net/gh/reximprimis/posters@main/shopify_thumbs/sea-coast/Impressionism/Sailboats_at_Sunset_Harbor_mockup_interior.jpg?v=1789599135342,4,,,,,,,,,,,,,,,https://cdn.jsdelivr.net/gh/reximprimis/posters@main/shopify_thumbs/sea-coast/Impressionism/Sailboats_at_Sunset_Harbor_mockup_interior.jpg?v=1789599135342,kg,,,,
sailboats-at-sunset-harbor,,,,,,,,,Full Bleed,,,50 × 70 cm (Large),,,,,sailboats-at-sunset-harbor-full-50x70,0,,,deny,manual,71.00,142.00,true,true,,,,,,,,,,,,,,,,,,,,,,https://cdn.jsdelivr.net/gh/reximprimis/posters@main/shopify_thumbs/sea-coast/Impressionism/Sailboats_at_Sunset_Harbor_thumb.jpg?v=1789622233514,kg,,,,
sailboats-at-sunset-harbor,,,,,,,,,White Border,,,13 × 18 cm (Small),,,,,sailboats-at-sunset-harbor-ramka-13x18,0,,,deny,manual,16.00,32.00,true,true,,,,,,,,,,,,,,,,,,,,,,https://cdn.jsdelivr.net/gh/reximprimis/posters@main/shopify_thumbs/sea-coast/Impressionism/Sailboats_at_Sunset_Harbor_ramka_thumb.jpg?v=1789622234370,kg,,,,
sailboats-at-sunset-harbor,,,,,,,,,White Border,,,21 × 30 cm (A4),,,,,sailboats-at-sunset-harbor-ramka-21x30,0,,,deny,manual,26.00,52.00,true,true,,,,,,,,,,,,,,,,,,,,,,https://cdn.jsdelivr.net/gh/reximprimis/posters@main/shopify_thumbs/sea-coast/Impressionism/Sailboats_at_Sunset_Harbor_ramka_thumb.jpg?v=1789622234370,kg,,,,
sailboats-at-sunset-harbor,,,,,,,,,White Border,,,30 × 40 cm (Medium),,,,,sailboats-at-sunset-harbor-ramka-30x40,0,,,deny,manual,43.00,86.00,true,true,,,,,,,,,,,,,,,,,,,,,,https://cdn.jsdelivr.net/gh/reximprimis/posters@main/shopify_thumbs/sea-coast/Impressionism/Sailboats_at_Sunset_Harbor_ramka_thumb.jpg?v=1789622234370,kg,,,,
sailboats-at-sunset-harbor,,,,,,,,,White Border,,,40 × 50 cm (Large),,,,,sailboats-at-sunset-harbor-ramka-40x50,0,,,deny,manual,57.00,114.00,true,true,,,,,,,,,,,,,,,,,,,,,,https://cdn.jsdelivr.net/gh/reximprimis/posters@main/shopify_thumbs/sea-coast/Impressionism/Sailboats_at_Sunset_Harbor_ramka_thumb.jpg?v=1789622234370,kg,,,,
sailboats-at-sunset-harbor,,,,,,,,,White Border,,,50 × 70 cm (Large),,,,,sailboats-at-sunset-harbor-ramka-50x70,0,,,deny,manual,71.00,142.00,true,true,,,,,,,,,,,,,,,,,,,,,,https://cdn.jsdelivr.net/gh/reximprimis/posters@main/shopify_thumbs/sea-coast/Impressionism/Sailboats_at_Sunset_Harbor_ramka_thumb.jpg?v=1789622234370,kg,,,,
rocky-shore-at-low-tide,Rocky Shore at Low Tide,"<p>Experience the serene beauty of the coastal landscape with ""Rocky Shore at Low Tide,"" an impressionist piece that captures the gentle ebb of the sea revealing textured rocks and sandy shores. The rich, natural color palette and soft brushstrokes evoke a tranquil mood, inviting you to immerse yourself in the calming essence of nature. This artwork serves as a perfect backdrop for creating a peaceful atmosphere in any interior space.</p>",REXIMPRIMIS,"Home & Garden > Decor > Artwork > Posters, Prints, & Visual Artwork",poster,"poster, category:sea-coast, style:impressionism, orientation:portrait, room:living-room, room:bedroom, room:bathroom, room:home-office, size:13x18, size:21x30, size:30x40, size:40x50, size:50x70, collection:new-arrivals",true,Print Style,Full Bleed,,Size,13 × 18 cm (Small),,,,,rocky-shore-at-low-tide-full-13x18,0,,,deny,manual,16.00,32.00,true,true,,,,,,https://cdn.jsdelivr.net/gh/reximprimis/posters@main/shopify_thumbs/sea-coast/Impressionism/Rocky_Shore_at_Low_Tide_thumb.jpg?v=1789622235047,1,,false,Rocky Shore at Low Tide | REXIMPRIMIS,"Experience the serene beauty of the coastal landscape with ""Rocky Shore at Low Tide,"" an impressionist piece that captures the gentle ebb of the sea revealing…",,,,,,,,,,,https://cdn.jsdelivr.net/gh/reximprimis/posters@main/shopify_thumbs/sea-coast/Impressionism/Rocky_Shore_at_Low_Tide_thumb.jpg?v=1789622235047,kg,,,active,
rocky-shore-at-low-tide,,,,,,,,,Full Bleed,,,21 × 30 cm (A4),,,,,rocky-shore-at-low-tide-full-21x30,0,,,deny,manual,26.00,52.00,true,true,,,,,,https://cdn.jsdelivr.net/gh/reximprimis/posters@main/shopify_thumbs/sea-coast/Impressionism/Rocky_Shore_at_Low_Tide_ramka_thumb.jpg?v=1789622235899,2,,,,,,,,,,,,,,,https://cdn.jsdelivr.net/gh/reximprimis/posters@main/shopify_thumbs/sea-coast/Impressionism/Rocky_Shore_at_Low_Tide_ramka_thumb.jpg?v=1789622235899,kg,,,,
rocky-shore-at-low-tide,,,,,,,,,Full Bleed,,,30 × 40 cm (Medium),,,,,rocky-shore-at-low-tide-full-30x40,0,,,deny,manual,43.00,86.00,true,true,,,,,,https://cdn.jsdelivr.net/gh/reximprimis/posters@main/shopify_thumbs/sea-coast/Impressionism/Rocky_Shore_at_Low_Tide_mockup_frame.jpg?v=1789599154264,3,,,,,,,,,,,,,,,https://cdn.jsdelivr.net/gh/reximprimis/posters@main/shopify_thumbs/sea-coast/Impressionism/Rocky_Shore_at_Low_Tide_mockup_frame.jpg?v=1789599154264,kg,,,,
rocky-shore-at-low-tide,,,,,,,,,Full Bleed,,,40 × 50 cm (Large),,,,,rocky-shore-at-low-tide-full-40x50,0,,,deny,manual,57.00,114.00,true,true,,,,,,https://cdn.jsdelivr.net/gh/reximprimis/posters@main/shopify_thumbs/sea-coast/Impressionism/Rocky_Shore_at_Low_Tide_mockup_interior.jpg?v=1789599170369,4,,,,,,,,,,,,,,,https://cdn.jsdelivr.net/gh/reximprimis/posters@main/shopify_thumbs/sea-coast/Impressionism/Rocky_Shore_at_Low_Tide_mockup_interior.jpg?v=1789599170369,kg,,,,
rocky-shore-at-low-tide,,,,,,,,,Full Bleed,,,50 × 70 cm (Large),,,,,rocky-shore-at-low-tide-full-50x70,0,,,deny,manual,71.00,142.00,true,true,,,,,,,,,,,,,,,,,,,,,,https://cdn.jsdelivr.net/gh/reximprimis/posters@main/shopify_thumbs/sea-coast/Impressionism/Rocky_Shore_at_Low_Tide_thumb.jpg?v=1789622235047,kg,,,,
rocky-shore-at-low-tide,,,,,,,,,White Border,,,13 × 18 cm (Small),,,,,rocky-shore-at-low-tide-ramka-13x18,0,,,deny,manual,16.00,32.00,true,true,,,,,,,,,,,,,,,,,,,,,,https://cdn.jsdelivr.net/gh/reximprimis/posters@main/shopify_thumbs/sea-coast/Impressionism/Rocky_Shore_at_Low_Tide_ramka_thumb.jpg?v=1789622235899,kg,,,,
rocky-shore-at-low-tide,,,,,,,,,White Border,,,21 × 30 cm (A4),,,,,rocky-shore-at-low-tide-ramka-21x30,0,,,deny,manual,26.00,52.00,true,true,,,,,,,,,,,,,,,,,,,,,,https://cdn.jsdelivr.net/gh/reximprimis/posters@main/shopify_thumbs/sea-coast/Impressionism/Rocky_Shore_at_Low_Tide_ramka_thumb.jpg?v=1789622235899,kg,,,,
rocky-shore-at-low-tide,,,,,,,,,White Border,,,30 × 40 cm (Medium),,,,,rocky-shore-at-low-tide-ramka-30x40,0,,,deny,manual,43.00,86.00,true,true,,,,,,,,,,,,,,,,,,,,,,https://cdn.jsdelivr.net/gh/reximprimis/posters@main/shopify_thumbs/sea-coast/Impressionism/Rocky_Shore_at_Low_Tide_ramka_thumb.jpg?v=1789622235899,kg,,,,
rocky-shore-at-low-tide,,,,,,,,,White Border,,,40 × 50 cm (Large),,,,,rocky-shore-at-low-tide-ramka-40x50,0,,,deny,manual,57.00,114.00,true,true,,,,,,,,,,,,,,,,,,,,,,https://cdn.jsdelivr.net/gh/reximprimis/posters@main/shopify_thumbs/sea-coast/Impressionism/Rocky_Shore_at_Low_Tide_ramka_thumb.jpg?v=1789622235899,kg,,,,
rocky-shore-at-low-tide,,,,,,,,,White Border,,,50 × 70 cm (Large),,,,,rocky-shore-at-low-tide-ramka-50x70,0,,,deny,manual,71.00,142.00,true,true,,,,,,,,,,,,,,,,,,,,,,https://cdn.jsdelivr.net/gh/reximprimis/posters@main/shopify_thumbs/sea-coast/Impressionism/Rocky_Shore_at_Low_Tide_ramka_thumb.jpg?v=1789622235899,kg,,,,
fishing-boats-on-calm-water,Fishing Boats on Calm Water,"<p>Embrace the tranquil beauty of ""Fishing Boats on Calm Water,"" an impressionist portrayal that captures the serene interplay between gentle waves and softly painted boats. The rich, natural color palette and textured brushstrokes evoke a sense of calm, inviting viewers to lose themselves in a moment of peaceful reflection. This artwork brings a touch of coastal elegance to any space, harmonizing effortlessly with your interior.</p>",REXIMPRIMIS,"Home & Garden > Decor > Artwork > Posters, Prints, & Visual Artwork",poster,"poster, category:sea-coast, style:impressionism, orientation:portrait, room:living-room, room:bedroom, room:bathroom, room:home-office, size:13x18, size:21x30, size:30x40, size:40x50, size:50x70, collection:new-arrivals",true,Print Style,Full Bleed,,Size,13 × 18 cm (Small),,,,,fishing-boats-on-calm-water-full-13x18,0,,,deny,manual,16.00,32.00,true,true,,,,,,https://cdn.jsdelivr.net/gh/reximprimis/posters@main/shopify_thumbs/sea-coast/Impressionism/Fishing_Boats_on_Calm_Water_thumb.jpg?v=1789622236547,1,,false,Fishing Boats on Calm Water | REXIMPRIMIS,"Embrace the tranquil beauty of ""Fishing Boats on Calm Water,"" an impressionist portrayal that captures the serene interplay between gentle waves and softly…",,,,,,,,,,,https://cdn.jsdelivr.net/gh/reximprimis/posters@main/shopify_thumbs/sea-coast/Impressionism/Fishing_Boats_on_Calm_Water_thumb.jpg?v=1789622236547,kg,,,active,
fishing-boats-on-calm-water,,,,,,,,,Full Bleed,,,21 × 30 cm (A4),,,,,fishing-boats-on-calm-water-full-21x30,0,,,deny,manual,26.00,52.00,true,true,,,,,,https://cdn.jsdelivr.net/gh/reximprimis/posters@main/shopify_thumbs/sea-coast/Impressionism/Fishing_Boats_on_Calm_Water_ramka_thumb.jpg?v=1789622237390,2,,,,,,,,,,,,,,,https://cdn.jsdelivr.net/gh/reximprimis/posters@main/shopify_thumbs/sea-coast/Impressionism/Fishing_Boats_on_Calm_Water_ramka_thumb.jpg?v=1789622237390,kg,,,,
fishing-boats-on-calm-water,,,,,,,,,Full Bleed,,,30 × 40 cm (Medium),,,,,fishing-boats-on-calm-water-full-30x40,0,,,deny,manual,43.00,86.00,true,true,,,,,,https://cdn.jsdelivr.net/gh/reximprimis/posters@main/shopify_thumbs/sea-coast/Impressionism/Fishing_Boats_on_Calm_Water_mockup_frame.jpg?v=1789599187534,3,,,,,,,,,,,,,,,https://cdn.jsdelivr.net/gh/reximprimis/posters@main/shopify_thumbs/sea-coast/Impressionism/Fishing_Boats_on_Calm_Water_mockup_frame.jpg?v=1789599187534,kg,,,,
fishing-boats-on-calm-water,,,,,,,,,Full Bleed,,,40 × 50 cm (Large),,,,,fishing-boats-on-calm-water-full-40x50,0,,,deny,manual,57.00,114.00,true,true,,,,,,https://cdn.jsdelivr.net/gh/reximprimis/posters@main/shopify_thumbs/sea-coast/Impressionism/Fishing_Boats_on_Calm_Water_mockup_interior.jpg?v=1789599208602,4,,,,,,,,,,,,,,,https://cdn.jsdelivr.net/gh/reximprimis/posters@main/shopify_thumbs/sea-coast/Impressionism/Fishing_Boats_on_Calm_Water_mockup_interior.jpg?v=1789599208602,kg,,,,
fishing-boats-on-calm-water,,,,,,,,,Full Bleed,,,50 × 70 cm (Large),,,,,fishing-boats-on-calm-water-full-50x70,0,,,deny,manual,71.00,142.00,true,true,,,,,,,,,,,,,,,,,,,,,,https://cdn.jsdelivr.net/gh/reximprimis/posters@main/shopify_thumbs/sea-coast/Impressionism/Fishing_Boats_on_Calm_Water_thumb.jpg?v=1789622236547,kg,,,,
fishing-boats-on-calm-water,,,,,,,,,White Border,,,13 × 18 cm (Small),,,,,fishing-boats-on-calm-water-ramka-13x18,0,,,deny,manual,16.00,32.00,true,true,,,,,,,,,,,,,,,,,,,,,,https://cdn.jsdelivr.net/gh/reximprimis/posters@main/shopify_thumbs/sea-coast/Impressionism/Fishing_Boats_on_Calm_Water_ramka_thumb.jpg?v=1789622237390,kg,,,,
fishing-boats-on-calm-water,,,,,,,,,White Border,,,21 × 30 cm (A4),,,,,fishing-boats-on-calm-water-ramka-21x30,0,,,deny,manual,26.00,52.00,true,true,,,,,,,,,,,,,,,,,,,,,,https://cdn.jsdelivr.net/gh/reximprimis/posters@main/shopify_thumbs/sea-coast/Impressionism/Fishing_Boats_on_Calm_Water_ramka_thumb.jpg?v=1789622237390,kg,,,,
fishing-boats-on-calm-water,,,,,,,,,White Border,,,30 × 40 cm (Medium),,,,,fishing-boats-on-calm-water-ramka-30x40,0,,,deny,manual,43.00,86.00,true,true,,,,,,,,,,,,,,,,,,,,,,https://cdn.jsdelivr.net/gh/reximprimis/posters@main/shopify_thumbs/sea-coast/Impressionism/Fishing_Boats_on_Calm_Water_ramka_thumb.jpg?v=1789622237390,kg,,,,
fishing-boats-on-calm-water,,,,,,,,,White Border,,,40 × 50 cm (Large),,,,,fishing-boats-on-calm-water-ramka-40x50,0,,,deny,manual,57.00,114.00,true,true,,,,,,,,,,,,,,,,,,,,,,https://cdn.jsdelivr.net/gh/reximprimis/posters@main/shopify_thumbs/sea-coast/Impressionism/Fishing_Boats_on_Calm_Water_ramka_thumb.jpg?v=1789622237390,kg,,,,
fishing-boats-on-calm-water,,,,,,,,,White Border,,,50 × 70 cm (Large),,,,,fishing-boats-on-calm-water-ramka-50x70,0,,,deny,manual,71.00,142.00,true,true,,,,,,,,,,,,,,,,,,,,,,https://cdn.jsdelivr.net/gh/reximprimis/posters@main/shopify_thumbs/sea-coast/Impressionism/Fishing_Boats_on_Calm_Water_ramka_thumb.jpg?v=1789622237390,kg,,,,
cliffside-village-by-the-sea,Cliffside Village by the Sea,"<p>Experience the serene beauty of ""Cliffside Village by the Sea,"" an impressionist portrayal that captures the tranquil essence of coastal life. The artwork features soft, dappled light illuminating a charming village perched on rugged cliffs, inviting you to escape into its calming palette of rich, natural hues. Each brushstroke evokes a sense of nostalgia and peace, making it a perfect addition to any serene space.</p>",REXIMPRIMIS,"Home & Garden > Decor > Artwork > Posters, Prints, & Visual Artwork",poster,"poster, category:sea-coast, style:impressionism, orientation:portrait, room:living-room, room:bedroom, room:bathroom, room:home-office, size:13x18, size:21x30, size:30x40, size:40x50, size:50x70, collection:new-arrivals",true,Print Style,Full Bleed,,Size,13 × 18 cm (Small),,,,,cliffside-village-by-the-sea-full-13x18,0,,,deny,manual,16.00,32.00,true,true,,,,,,https://cdn.jsdelivr.net/gh/reximprimis/posters@main/shopify_thumbs/sea-coast/Impressionism/Cliffside_Village_by_the_Sea_thumb.jpg?v=1789622238085,1,,false,Cliffside Village by the Sea | REXIMPRIMIS,"Experience the serene beauty of ""Cliffside Village by the Sea,"" an impressionist portrayal that captures the tranquil essence of coastal life. The artwork…",,,,,,,,,,,https://cdn.jsdelivr.net/gh/reximprimis/posters@main/shopify_thumbs/sea-coast/Impressionism/Cliffside_Village_by_the_Sea_thumb.jpg?v=1789622238085,kg,,,active,
cliffside-village-by-the-sea,,,,,,,,,Full Bleed,,,21 × 30 cm (A4),,,,,cliffside-village-by-the-sea-full-21x30,0,,,deny,manual,26.00,52.00,true,true,,,,,,https://cdn.jsdelivr.net/gh/reximprimis/posters@main/shopify_thumbs/sea-coast/Impressionism/Cliffside_Village_by_the_Sea_ramka_thumb.jpg?v=1789622238918,2,,,,,,,,,,,,,,,https://cdn.jsdelivr.net/gh/reximprimis/posters@main/shopify_thumbs/sea-coast/Impressionism/Cliffside_Village_by_the_Sea_ramka_thumb.jpg?v=1789622238918,kg,,,,
cliffside-village-by-the-sea,,,,,,,,,Full Bleed,,,30 × 40 cm (Medium),,,,,cliffside-village-by-the-sea-full-30x40,0,,,deny,manual,43.00,86.00,true,true,,,,,,https://cdn.jsdelivr.net/gh/reximprimis/posters@main/shopify_thumbs/sea-coast/Impressionism/Cliffside_Village_by_the_Sea_mockup_frame.jpg?v=1789599229408,3,,,,,,,,,,,,,,,https://cdn.jsdelivr.net/gh/reximprimis/posters@main/shopify_thumbs/sea-coast/Impressionism/Cliffside_Village_by_the_Sea_mockup_frame.jpg?v=1789599229408,kg,,,,
cliffside-village-by-the-sea,,,,,,,,,Full Bleed,,,40 × 50 cm (Large),,,,,cliffside-village-by-the-sea-full-40x50,0,,,deny,manual,57.00,114.00,true,true,,,,,,https://cdn.jsdelivr.net/gh/reximprimis/posters@main/shopify_thumbs/sea-coast/Impressionism/Cliffside_Village_by_the_Sea_mockup_interior.jpg?v=1789599249585,4,,,,,,,,,,,,,,,https://cdn.jsdelivr.net/gh/reximprimis/posters@main/shopify_thumbs/sea-coast/Impressionism/Cliffside_Village_by_the_Sea_mockup_interior.jpg?v=1789599249585,kg,,,,
cliffside-village-by-the-sea,,,,,,,,,Full Bleed,,,50 × 70 cm (Large),,,,,cliffside-village-by-the-sea-full-50x70,0,,,deny,manual,71.00,142.00,true,true,,,,,,,,,,,,,,,,,,,,,,https://cdn.jsdelivr.net/gh/reximprimis/posters@main/shopify_thumbs/sea-coast/Impressionism/Cliffside_Village_by_the_Sea_thumb.jpg?v=1789622238085,kg,,,,
cliffside-village-by-the-sea,,,,,,,,,White Border,,,13 × 18 cm (Small),,,,,cliffside-village-by-the-sea-ramka-13x18,0,,,deny,manual,16.00,32.00,true,true,,,,,,,,,,,,,,,,,,,,,,https://cdn.jsdelivr.net/gh/reximprimis/posters@main/shopify_thumbs/sea-coast/Impressionism/Cliffside_Village_by_the_Sea_ramka_thumb.jpg?v=1789622238918,kg,,,,
cliffside-village-by-the-sea,,,,,,,,,White Border,,,21 × 30 cm (A4),,,,,cliffside-village-by-the-sea-ramka-21x30,0,,,deny,manual,26.00,52.00,true,true,,,,,,,,,,,,,,,,,,,,,,https://cdn.jsdelivr.net/gh/reximprimis/posters@main/shopify_thumbs/sea-coast/Impressionism/Cliffside_Village_by_the_Sea_ramka_thumb.jpg?v=1789622238918,kg,,,,
cliffside-village-by-the-sea,,,,,,,,,White Border,,,30 × 40 cm (Medium),,,,,cliffside-village-by-the-sea-ramka-30x40,0,,,deny,manual,43.00,86.00,true,true,,,,,,,,,,,,,,,,,,,,,,https://cdn.jsdelivr.net/gh/reximprimis/posters@main/shopify_thumbs/sea-coast/Impressionism/Cliffside_Village_by_the_Sea_ramka_thumb.jpg?v=1789622238918,kg,,,,
cliffside-village-by-the-sea,,,,,,,,,White Border,,,40 × 50 cm (Large),,,,,cliffside-village-by-the-sea-ramka-40x50,0,,,deny,manual,57.00,114.00,true,true,,,,,,,,,,,,,,,,,,,,,,https://cdn.jsdelivr.net/gh/reximprimis/posters@main/shopify_thumbs/sea-coast/Impressionism/Cliffside_Village_by_the_Sea_ramka_thumb.jpg?v=1789622238918,kg,,,,
cliffside-village-by-the-sea,,,,,,,,,White Border,,,50 × 70 cm (Large),,,,,cliffside-village-by-the-sea-ramka-50x70,0,,,deny,manual,71.00,142.00,true,true,,,,,,,,,,,,,,,,,,,,,,https://cdn.jsdelivr.net/gh/reximprimis/posters@main/shopify_thumbs/sea-coast/Impressionism/Cliffside_Village_by_the_Sea_ramka_thumb.jpg?v=1789622238918,kg,,,,
morning-mist-over-the-bay,Morning Mist Over the Bay,"<p>Experience the serene beauty of dawn with ""Morning Mist Over the Bay,"" an impressionistic portrayal of a tranquil coastal landscape. Soft brushstrokes and a harmonious palette evoke the gentle embrace of morning light as it dances over the misty waters, inviting a sense of calm and reflection. This artwork captures a fleeting moment in nature, perfect for bringing a peaceful ambiance to your space.</p>",REXIMPRIMIS,"Home & Garden > Decor > Artwork > Posters, Prints, & Visual Artwork",poster,"poster, category:sea-coast, style:impressionism, orientation:portrait, room:living-room, room:bedroom, room:bathroom, room:home-office, size:13x18, size:21x30, size:30x40, size:40x50, size:50x70, collection:new-arrivals",true,Print Style,Full Bleed,,Size,13 × 18 cm (Small),,,,,morning-mist-over-the-bay-full-13x18,0,,,deny,manual,16.00,32.00,true,true,,,,,,https://cdn.jsdelivr.net/gh/reximprimis/posters@main/shopify_thumbs/sea-coast/Impressionism/Morning_Mist_Over_the_Bay_thumb.jpg?v=1789622239517,1,,false,Morning Mist Over the Bay | REXIMPRIMIS,"Experience the serene beauty of dawn with ""Morning Mist Over the Bay,"" an impressionistic portrayal of a tranquil coastal landscape. Soft brushstrokes and a…",,,,,,,,,,,https://cdn.jsdelivr.net/gh/reximprimis/posters@main/shopify_thumbs/sea-coast/Impressionism/Morning_Mist_Over_the_Bay_thumb.jpg?v=1789622239517,kg,,,active,
morning-mist-over-the-bay,,,,,,,,,Full Bleed,,,21 × 30 cm (A4),,,,,morning-mist-over-the-bay-full-21x30,0,,,deny,manual,26.00,52.00,true,true,,,,,,https://cdn.jsdelivr.net/gh/reximprimis/posters@main/shopify_thumbs/sea-coast/Impressionism/Morning_Mist_Over_the_Bay_ramka_thumb.jpg?v=1789622240317,2,,,,,,,,,,,,,,,https://cdn.jsdelivr.net/gh/reximprimis/posters@main/shopify_thumbs/sea-coast/Impressionism/Morning_Mist_Over_the_Bay_ramka_thumb.jpg?v=1789622240317,kg,,,,
morning-mist-over-the-bay,,,,,,,,,Full Bleed,,,30 × 40 cm (Medium),,,,,morning-mist-over-the-bay-full-30x40,0,,,deny,manual,43.00,86.00,true,true,,,,,,https://cdn.jsdelivr.net/gh/reximprimis/posters@main/shopify_thumbs/sea-coast/Impressionism/Morning_Mist_Over_the_Bay_mockup_frame.jpg?v=1789599272893,3,,,,,,,,,,,,,,,https://cdn.jsdelivr.net/gh/reximprimis/posters@main/shopify_thumbs/sea-coast/Impressionism/Morning_Mist_Over_the_Bay_mockup_frame.jpg?v=1789599272893,kg,,,,
morning-mist-over-the-bay,,,,,,,,,Full Bleed,,,40 × 50 cm (Large),,,,,morning-mist-over-the-bay-full-40x50,0,,,deny,manual,57.00,114.00,true,true,,,,,,https://cdn.jsdelivr.net/gh/reximprimis/posters@main/shopify_thumbs/sea-coast/Impressionism/Morning_Mist_Over_the_Bay_mockup_interior.jpg?v=1789599297542,4,,,,,,,,,,,,,,,https://cdn.jsdelivr.net/gh/reximprimis/posters@main/shopify_thumbs/sea-coast/Impressionism/Morning_Mist_Over_the_Bay_mockup_interior.jpg?v=1789599297542,kg,,,,
morning-mist-over-the-bay,,,,,,,,,Full Bleed,,,50 × 70 cm (Large),,,,,morning-mist-over-the-bay-full-50x70,0,,,deny,manual,71.00,142.00,true,true,,,,,,,,,,,,,,,,,,,,,,https://cdn.jsdelivr.net/gh/reximprimis/posters@main/shopify_thumbs/sea-coast/Impressionism/Morning_Mist_Over_the_Bay_thumb.jpg?v=1789622239517,kg,,,,
morning-mist-over-the-bay,,,,,,,,,White Border,,,13 × 18 cm (Small),,,,,morning-mist-over-the-bay-ramka-13x18,0,,,deny,manual,16.00,32.00,true,true,,,,,,,,,,,,,,,,,,,,,,https://cdn.jsdelivr.net/gh/reximprimis/posters@main/shopify_thumbs/sea-coast/Impressionism/Morning_Mist_Over_the_Bay_ramka_thumb.jpg?v=1789622240317,kg,,,,
morning-mist-over-the-bay,,,,,,,,,White Border,,,21 × 30 cm (A4),,,,,morning-mist-over-the-bay-ramka-21x30,0,,,deny,manual,26.00,52.00,true,true,,,,,,,,,,,,,,,,,,,,,,https://cdn.jsdelivr.net/gh/reximprimis/posters@main/shopify_thumbs/sea-coast/Impressionism/Morning_Mist_Over_the_Bay_ramka_thumb.jpg?v=1789622240317,kg,,,,
morning-mist-over-the-bay,,,,,,,,,White Border,,,30 × 40 cm (Medium),,,,,morning-mist-over-the-bay-ramka-30x40,0,,,deny,manual,43.00,86.00,true,true,,,,,,,,,,,,,,,,,,,,,,https://cdn.jsdelivr.net/gh/reximprimis/posters@main/shopify_thumbs/sea-coast/Impressionism/Morning_Mist_Over_the_Bay_ramka_thumb.jpg?v=1789622240317,kg,,,,
morning-mist-over-the-bay,,,,,,,,,White Border,,,40 × 50 cm (Large),,,,,morning-mist-over-the-bay-ramka-40x50,0,,,deny,manual,57.00,114.00,true,true,,,,,,,,,,,,,,,,,,,,,,https://cdn.jsdelivr.net/gh/reximprimis/posters@main/shopify_thumbs/sea-coast/Impressionism/Morning_Mist_Over_the_Bay_ramka_thumb.jpg?v=1789622240317,kg,,,,
morning-mist-over-the-bay,,,,,,,,,White Border,,,50 × 70 cm (Large),,,,,morning-mist-over-the-bay-ramka-50x70,0,,,deny,manual,71.00,142.00,true,true,,,,,,,,,,,,,,,,,,,,,,https://cdn.jsdelivr.net/gh/reximprimis/posters@main/shopify_thumbs/sea-coast/Impressionism/Morning_Mist_Over_the_Bay_ramka_thumb.jpg?v=1789622240317,kg,,,,
waves-breaking-on-golden-sand,Waves Breaking on Golden Sand,"<p>Immerse yourself in the tranquil beauty of ""Waves Breaking on Golden Sand,"" where gentle waves meet a sunlit shore in an impressionistic embrace. Rich brushstrokes and a harmonious palette evoke the serene rhythm of the sea, capturing a moment of calm that invites reflection. This artwork transforms any space into a serene coastal retreat, perfect for those who appreciate the art of nature's simplicity.</p>",REXIMPRIMIS,"Home & Garden > Decor > Artwork > Posters, Prints, & Visual Artwork",poster,"poster, category:sea-coast, style:impressionism, orientation:portrait, room:living-room, room:bedroom, room:bathroom, room:home-office, size:13x18, size:21x30, size:30x40, size:40x50, size:50x70, collection:new-arrivals",true,Print Style,Full Bleed,,Size,13 × 18 cm (Small),,,,,waves-breaking-on-golden-sand-full-13x18,0,,,deny,manual,16.00,32.00,true,true,,,,,,https://cdn.jsdelivr.net/gh/reximprimis/posters@main/shopify_thumbs/sea-coast/Impressionism/Waves_Breaking_on_Golden_Sand_thumb.jpg?v=1789622240967,1,,false,Waves Breaking on Golden Sand | REXIMPRIMIS,"Immerse yourself in the tranquil beauty of ""Waves Breaking on Golden Sand,"" where gentle waves meet a sunlit shore in an impressionistic embrace. Rich…",,,,,,,,,,,https://cdn.jsdelivr.net/gh/reximprimis/posters@main/shopify_thumbs/sea-coast/Impressionism/Waves_Breaking_on_Golden_Sand_thumb.jpg?v=1789622240967,kg,,,active,
waves-breaking-on-golden-sand,,,,,,,,,Full Bleed,,,21 × 30 cm (A4),,,,,waves-breaking-on-golden-sand-full-21x30,0,,,deny,manual,26.00,52.00,true,true,,,,,,https://cdn.jsdelivr.net/gh/reximprimis/posters@main/shopify_thumbs/sea-coast/Impressionism/Waves_Breaking_on_Golden_Sand_ramka_thumb.jpg?v=1789622241808,2,,,,,,,,,,,,,,,https://cdn.jsdelivr.net/gh/reximprimis/posters@main/shopify_thumbs/sea-coast/Impressionism/Waves_Breaking_on_Golden_Sand_ramka_thumb.jpg?v=1789622241808,kg,,,,
waves-breaking-on-golden-sand,,,,,,,,,Full Bleed,,,30 × 40 cm (Medium),,,,,waves-breaking-on-golden-sand-full-30x40,0,,,deny,manual,43.00,86.00,true,true,,,,,,https://cdn.jsdelivr.net/gh/reximprimis/posters@main/shopify_thumbs/sea-coast/Impressionism/Waves_Breaking_on_Golden_Sand_mockup_frame.jpg?v=1789599317707,3,,,,,,,,,,,,,,,https://cdn.jsdelivr.net/gh/reximprimis/posters@main/shopify_thumbs/sea-coast/Impressionism/Waves_Breaking_on_Golden_Sand_mockup_frame.jpg?v=1789599317707,kg,,,,
waves-breaking-on-golden-sand,,,,,,,,,Full Bleed,,,40 × 50 cm (Large),,,,,waves-breaking-on-golden-sand-full-40x50,0,,,deny,manual,57.00,114.00,true,true,,,,,,https://cdn.jsdelivr.net/gh/reximprimis/posters@main/shopify_thumbs/sea-coast/Impressionism/Waves_Breaking_on_Golden_Sand_mockup_interior.jpg?v=1789599337416,4,,,,,,,,,,,,,,,https://cdn.jsdelivr.net/gh/reximprimis/posters@main/shopify_thumbs/sea-coast/Impressionism/Waves_Breaking_on_Golden_Sand_mockup_interior.jpg?v=1789599337416,kg,,,,
waves-breaking-on-golden-sand,,,,,,,,,Full Bleed,,,50 × 70 cm (Large),,,,,waves-breaking-on-golden-sand-full-50x70,0,,,deny,manual,71.00,142.00,true,true,,,,,,,,,,,,,,,,,,,,,,https://cdn.jsdelivr.net/gh/reximprimis/posters@main/shopify_thumbs/sea-coast/Impressionism/Waves_Breaking_on_Golden_Sand_thumb.jpg?v=1789622240967,kg,,,,
waves-breaking-on-golden-sand,,,,,,,,,White Border,,,13 × 18 cm (Small),,,,,waves-breaking-on-golden-sand-ramka-13x18,0,,,deny,manual,16.00,32.00,true,true,,,,,,,,,,,,,,,,,,,,,,https://cdn.jsdelivr.net/gh/reximprimis/posters@main/shopify_thumbs/sea-coast/Impressionism/Waves_Breaking_on_Golden_Sand_ramka_thumb.jpg?v=1789622241808,kg,,,,
waves-breaking-on-golden-sand,,,,,,,,,White Border,,,21 × 30 cm (A4),,,,,waves-breaking-on-golden-sand-ramka-21x30,0,,,deny,manual,26.00,52.00,true,true,,,,,,,,,,,,,,,,,,,,,,https://cdn.jsdelivr.net/gh/reximprimis/posters@main/shopify_thumbs/sea-coast/Impressionism/Waves_Breaking_on_Golden_Sand_ramka_thumb.jpg?v=1789622241808,kg,,,,
waves-breaking-on-golden-sand,,,,,,,,,White Border,,,30 × 40 cm (Medium),,,,,waves-breaking-on-golden-sand-ramka-30x40,0,,,deny,manual,43.00,86.00,true,true,,,,,,,,,,,,,,,,,,,,,,https://cdn.jsdelivr.net/gh/reximprimis/posters@main/shopify_thumbs/sea-coast/Impressionism/Waves_Breaking_on_Golden_Sand_ramka_thumb.jpg?v=1789622241808,kg,,,,
waves-breaking-on-golden-sand,,,,,,,,,White Border,,,40 × 50 cm (Large),,,,,waves-breaking-on-golden-sand-ramka-40x50,0,,,deny,manual,57.00,114.00,true,true,,,,,,,,,,,,,,,,,,,,,,https://cdn.jsdelivr.net/gh/reximprimis/posters@main/shopify_thumbs/sea-coast/Impressionism/Waves_Breaking_on_Golden_Sand_ramka_thumb.jpg?v=1789622241808,kg,,,,
waves-breaking-on-golden-sand,,,,,,,,,White Border,,,50 × 70 cm (Large),,,,,waves-breaking-on-golden-sand-ramka-50x70,0,,,deny,manual,71.00,142.00,true,true,,,,,,,,,,,,,,,,,,,,,,https://cdn.jsdelivr.net/gh/reximprimis/posters@main/shopify_thumbs/sea-coast/Impressionism/Waves_Breaking_on_Golden_Sand_ramka_thumb.jpg?v=1789622241808,kg,,,,
harbor-lights-at-dusk,Harbor Lights at Dusk,"<p>Experience the serene beauty of twilight with ""Harbor Lights at Dusk,"" a captivating impressionist piece that captures the gentle glow of harbor lights reflecting on tranquil waters. The rich palette and textured brushstrokes evoke a calming atmosphere, inviting you to pause and reflect as day transitions to night. Perfect for enhancing any space, this artwork brings a touch of coastal elegance to your home.</p>",REXIMPRIMIS,"Home & Garden > Decor > Artwork > Posters, Prints, & Visual Artwork",poster,"poster, category:sea-coast, style:impressionism, orientation:portrait, room:living-room, room:bedroom, room:bathroom, room:home-office, size:13x18, size:21x30, size:30x40, size:40x50, size:50x70, collection:new-arrivals",true,Print Style,Full Bleed,,Size,13 × 18 cm (Small),,,,,harbor-lights-at-dusk-full-13x18,0,,,deny,manual,16.00,32.00,true,true,,,,,,https://cdn.jsdelivr.net/gh/reximprimis/posters@main/shopify_thumbs/sea-coast/Impressionism/Harbor_Lights_at_Dusk_thumb.jpg?v=1789622242438,1,,false,Harbor Lights at Dusk | REXIMPRIMIS,"Experience the serene beauty of twilight with ""Harbor Lights at Dusk,"" a captivating impressionist piece that captures the gentle glow of harbor lights…",,,,,,,,,,,https://cdn.jsdelivr.net/gh/reximprimis/posters@main/shopify_thumbs/sea-coast/Impressionism/Harbor_Lights_at_Dusk_thumb.jpg?v=1789622242438,kg,,,active,
harbor-lights-at-dusk,,,,,,,,,Full Bleed,,,21 × 30 cm (A4),,,,,harbor-lights-at-dusk-full-21x30,0,,,deny,manual,26.00,52.00,true,true,,,,,,https://cdn.jsdelivr.net/gh/reximprimis/posters@main/shopify_thumbs/sea-coast/Impressionism/Harbor_Lights_at_Dusk_ramka_thumb.jpg?v=1789622243295,2,,,,,,,,,,,,,,,https://cdn.jsdelivr.net/gh/reximprimis/posters@main/shopify_thumbs/sea-coast/Impressionism/Harbor_Lights_at_Dusk_ramka_thumb.jpg?v=1789622243295,kg,,,,
harbor-lights-at-dusk,,,,,,,,,Full Bleed,,,30 × 40 cm (Medium),,,,,harbor-lights-at-dusk-full-30x40,0,,,deny,manual,43.00,86.00,true,true,,,,,,https://cdn.jsdelivr.net/gh/reximprimis/posters@main/shopify_thumbs/sea-coast/Impressionism/Harbor_Lights_at_Dusk_mockup_frame.jpg?v=1789599353414,3,,,,,,,,,,,,,,,https://cdn.jsdelivr.net/gh/reximprimis/posters@main/shopify_thumbs/sea-coast/Impressionism/Harbor_Lights_at_Dusk_mockup_frame.jpg?v=1789599353414,kg,,,,
harbor-lights-at-dusk,,,,,,,,,Full Bleed,,,40 × 50 cm (Large),,,,,harbor-lights-at-dusk-full-40x50,0,,,deny,manual,57.00,114.00,true,true,,,,,,https://cdn.jsdelivr.net/gh/reximprimis/posters@main/shopify_thumbs/sea-coast/Impressionism/Harbor_Lights_at_Dusk_mockup_interior.jpg?v=1789599371341,4,,,,,,,,,,,,,,,https://cdn.jsdelivr.net/gh/reximprimis/posters@main/shopify_thumbs/sea-coast/Impressionism/Harbor_Lights_at_Dusk_mockup_interior.jpg?v=1789599371341,kg,,,,
harbor-lights-at-dusk,,,,,,,,,Full Bleed,,,50 × 70 cm (Large),,,,,harbor-lights-at-dusk-full-50x70,0,,,deny,manual,71.00,142.00,true,true,,,,,,,,,,,,,,,,,,,,,,https://cdn.jsdelivr.net/gh/reximprimis/posters@main/shopify_thumbs/sea-coast/Impressionism/Harbor_Lights_at_Dusk_thumb.jpg?v=1789622242438,kg,,,,
harbor-lights-at-dusk,,,,,,,,,White Border,,,13 × 18 cm (Small),,,,,harbor-lights-at-dusk-ramka-13x18,0,,,deny,manual,16.00,32.00,true,true,,,,,,,,,,,,,,,,,,,,,,https://cdn.jsdelivr.net/gh/reximprimis/posters@main/shopify_thumbs/sea-coast/Impressionism/Harbor_Lights_at_Dusk_ramka_thumb.jpg?v=1789622243295,kg,,,,
harbor-lights-at-dusk,,,,,,,,,White Border,,,21 × 30 cm (A4),,,,,harbor-lights-at-dusk-ramka-21x30,0,,,deny,manual,26.00,52.00,true,true,,,,,,,,,,,,,,,,,,,,,,https://cdn.jsdelivr.net/gh/reximprimis/posters@main/shopify_thumbs/sea-coast/Impressionism/Harbor_Lights_at_Dusk_ramka_thumb.jpg?v=1789622243295,kg,,,,
harbor-lights-at-dusk,,,,,,,,,White Border,,,30 × 40 cm (Medium),,,,,harbor-lights-at-dusk-ramka-30x40,0,,,deny,manual,43.00,86.00,true,true,,,,,,,,,,,,,,,,,,,,,,https://cdn.jsdelivr.net/gh/reximprimis/posters@main/shopify_thumbs/sea-coast/Impressionism/Harbor_Lights_at_Dusk_ramka_thumb.jpg?v=1789622243295,kg,,,,
harbor-lights-at-dusk,,,,,,,,,White Border,,,40 × 50 cm (Large),,,,,harbor-lights-at-dusk-ramka-40x50,0,,,deny,manual,57.00,114.00,true,true,,,,,,,,,,,,,,,,,,,,,,https://cdn.jsdelivr.net/gh/reximprimis/posters@main/shopify_thumbs/sea-coast/Impressionism/Harbor_Lights_at_Dusk_ramka_thumb.jpg?v=1789622243295,kg,,,,
harbor-lights-at-dusk,,,,,,,,,White Border,,,50 × 70 cm (Large),,,,,harbor-lights-at-dusk-ramka-50x70,0,,,deny,manual,71.00,142.00,true,true,,,,,,,,,,,,,,,,,,,,,,https://cdn.jsdelivr.net/gh/reximprimis/posters@main/shopify_thumbs/sea-coast/Impressionism/Harbor_Lights_at_Dusk_ramka_thumb.jpg?v=1789622243295,kg,,,,
coastal-path-overlooking-the-sea,Coastal Path Overlooking the Sea,"<p>Experience the serene beauty of a coastal path gently winding toward the sea, captured in an impressionistic style that evokes a sense of calm and tranquility. Rich, natural colors and soft brushstrokes create a harmonious atmosphere, inviting you to lose yourself in the peaceful embrace of nature. This artwork serves as a timeless reminder of the beauty found in coastal landscapes, perfect for enhancing any interior space.</p>",REXIMPRIMIS,"Home & Garden > Decor > Artwork > Posters, Prints, & Visual Artwork",poster,"poster, category:sea-coast, style:impressionism, orientation:portrait, room:living-room, room:bedroom, room:bathroom, room:home-office, size:13x18, size:21x30, size:30x40, size:40x50, size:50x70, collection:new-arrivals",true,Print Style,Full Bleed,,Size,13 × 18 cm (Small),,,,,coastal-path-overlooking-the-sea-full-13x18,0,,,deny,manual,16.00,32.00,true,true,,,,,,https://cdn.jsdelivr.net/gh/reximprimis/posters@main/shopify_thumbs/sea-coast/Impressionism/Coastal_Path_Overlooking_the_Sea_thumb.jpg?v=1789622244022,1,,false,Coastal Path Overlooking the Sea | REXIMPRIMIS,"Experience the serene beauty of a coastal path gently winding toward the sea, captured in an impressionistic style that evokes a sense of calm and tranquility…",,,,,,,,,,,https://cdn.jsdelivr.net/gh/reximprimis/posters@main/shopify_thumbs/sea-coast/Impressionism/Coastal_Path_Overlooking_the_Sea_thumb.jpg?v=1789622244022,kg,,,active,
coastal-path-overlooking-the-sea,,,,,,,,,Full Bleed,,,21 × 30 cm (A4),,,,,coastal-path-overlooking-the-sea-full-21x30,0,,,deny,manual,26.00,52.00,true,true,,,,,,https://cdn.jsdelivr.net/gh/reximprimis/posters@main/shopify_thumbs/sea-coast/Impressionism/Coastal_Path_Overlooking_the_Sea_ramka_thumb.jpg?v=1789622244865,2,,,,,,,,,,,,,,,https://cdn.jsdelivr.net/gh/reximprimis/posters@main/shopify_thumbs/sea-coast/Impressionism/Coastal_Path_Overlooking_the_Sea_ramka_thumb.jpg?v=1789622244865,kg,,,,
coastal-path-overlooking-the-sea,,,,,,,,,Full Bleed,,,30 × 40 cm (Medium),,,,,coastal-path-overlooking-the-sea-full-30x40,0,,,deny,manual,43.00,86.00,true,true,,,,,,https://cdn.jsdelivr.net/gh/reximprimis/posters@main/shopify_thumbs/sea-coast/Impressionism/Coastal_Path_Overlooking_the_Sea_mockup_frame.jpg?v=1789599387145,3,,,,,,,,,,,,,,,https://cdn.jsdelivr.net/gh/reximprimis/posters@main/shopify_thumbs/sea-coast/Impressionism/Coastal_Path_Overlooking_the_Sea_mockup_frame.jpg?v=1789599387145,kg,,,,
coastal-path-overlooking-the-sea,,,,,,,,,Full Bleed,,,40 × 50 cm (Large),,,,,coastal-path-overlooking-the-sea-full-40x50,0,,,deny,manual,57.00,114.00,true,true,,,,,,https://cdn.jsdelivr.net/gh/reximprimis/posters@main/shopify_thumbs/sea-coast/Impressionism/Coastal_Path_Overlooking_the_Sea_mockup_interior.jpg?v=1789599406217,4,,,,,,,,,,,,,,,https://cdn.jsdelivr.net/gh/reximprimis/posters@main/shopify_thumbs/sea-coast/Impressionism/Coastal_Path_Overlooking_the_Sea_mockup_interior.jpg?v=1789599406217,kg,,,,
coastal-path-overlooking-the-sea,,,,,,,,,Full Bleed,,,50 × 70 cm (Large),,,,,coastal-path-overlooking-the-sea-full-50x70,0,,,deny,manual,71.00,142.00,true,true,,,,,,,,,,,,,,,,,,,,,,https://cdn.jsdelivr.net/gh/reximprimis/posters@main/shopify_thumbs/sea-coast/Impressionism/Coastal_Path_Overlooking_the_Sea_thumb.jpg?v=1789622244022,kg,,,,
coastal-path-overlooking-the-sea,,,,,,,,,White Border,,,13 × 18 cm (Small),,,,,coastal-path-overlooking-the-sea-ramka-13x18,0,,,deny,manual,16.00,32.00,true,true,,,,,,,,,,,,,,,,,,,,,,https://cdn.jsdelivr.net/gh/reximprimis/posters@main/shopify_thumbs/sea-coast/Impressionism/Coastal_Path_Overlooking_the_Sea_ramka_thumb.jpg?v=1789622244865,kg,,,,
coastal-path-overlooking-the-sea,,,,,,,,,White Border,,,21 × 30 cm (A4),,,,,coastal-path-overlooking-the-sea-ramka-21x30,0,,,deny,manual,26.00,52.00,true,true,,,,,,,,,,,,,,,,,,,,,,https://cdn.jsdelivr.net/gh/reximprimis/posters@main/shopify_thumbs/sea-coast/Impressionism/Coastal_Path_Overlooking_the_Sea_ramka_thumb.jpg?v=1789622244865,kg,,,,
coastal-path-overlooking-the-sea,,,,,,,,,White Border,,,30 × 40 cm (Medium),,,,,coastal-path-overlooking-the-sea-ramka-30x40,0,,,deny,manual,43.00,86.00,true,true,,,,,,,,,,,,,,,,,,,,,,https://cdn.jsdelivr.net/gh/reximprimis/posters@main/shopify_thumbs/sea-coast/Impressionism/Coastal_Path_Overlooking_the_Sea_ramka_thumb.jpg?v=1789622244865,kg,,,,
coastal-path-overlooking-the-sea,,,,,,,,,White Border,,,40 × 50 cm (Large),,,,,coastal-path-overlooking-the-sea-ramka-40x50,0,,,deny,manual,57.00,114.00,true,true,,,,,,,,,,,,,,,,,,,,,,https://cdn.jsdelivr.net/gh/reximprimis/posters@main/shopify_thumbs/sea-coast/Impressionism/Coastal_Path_Overlooking_the_Sea_ramka_thumb.jpg?v=1789622244865,kg,,,,
coastal-path-overlooking-the-sea,,,,,,,,,White Border,,,50 × 70 cm (Large),,,,,coastal-path-overlooking-the-sea-ramka-50x70,0,,,deny,manual,71.00,142.00,true,true,,,,,,,,,,,,,,,,,,,,,,https://cdn.jsdelivr.net/gh/reximprimis/posters@main/shopify_thumbs/sea-coast/Impressionism/Coastal_Path_Overlooking_the_Sea_ramka_thumb.jpg?v=1789622244865,kg,,,,
sailing-regatta-at-noon,Sailing Regatta at Noon,"<p>Immerse yourself in the tranquil beauty of ""Sailing Regatta at Noon,"" where vibrant sails dance gracefully upon the shimmering waters. This impressionist artwork captures the essence of a serene afternoon, with dappled light and rich, harmonious colors evoking a sense of calm and nostalgia. Perfectly suited for any space, it invites you to pause and reflect on the peaceful rhythms of coastal life.</p>",REXIMPRIMIS,"Home & Garden > Decor > Artwork > Posters, Prints, & Visual Artwork",poster,"poster, category:sea-coast, style:impressionism, orientation:portrait, room:living-room, room:bedroom, room:bathroom, room:home-office, size:13x18, size:21x30, size:30x40, size:40x50, size:50x70, collection:new-arrivals",true,Print Style,Full Bleed,,Size,13 × 18 cm (Small),,,,,sailing-regatta-at-noon-full-13x18,0,,,deny,manual,16.00,32.00,true,true,,,,,,https://cdn.jsdelivr.net/gh/reximprimis/posters@main/shopify_thumbs/sea-coast/Impressionism/Sailing_Regatta_at_Noon_thumb.jpg?v=1789622245490,1,,false,Sailing Regatta at Noon | REXIMPRIMIS,"Immerse yourself in the tranquil beauty of ""Sailing Regatta at Noon,"" where vibrant sails dance gracefully upon the shimmering waters. This impressionist…",,,,,,,,,,,https://cdn.jsdelivr.net/gh/reximprimis/posters@main/shopify_thumbs/sea-coast/Impressionism/Sailing_Regatta_at_Noon_thumb.jpg?v=1789622245490,kg,,,active,
sailing-regatta-at-noon,,,,,,,,,Full Bleed,,,21 × 30 cm (A4),,,,,sailing-regatta-at-noon-full-21x30,0,,,deny,manual,26.00,52.00,true,true,,,,,,https://cdn.jsdelivr.net/gh/reximprimis/posters@main/shopify_thumbs/sea-coast/Impressionism/Sailing_Regatta_at_Noon_ramka_thumb.jpg?v=1789622246303,2,,,,,,,,,,,,,,,https://cdn.jsdelivr.net/gh/reximprimis/posters@main/shopify_thumbs/sea-coast/Impressionism/Sailing_Regatta_at_Noon_ramka_thumb.jpg?v=1789622246303,kg,,,,
sailing-regatta-at-noon,,,,,,,,,Full Bleed,,,30 × 40 cm (Medium),,,,,sailing-regatta-at-noon-full-30x40,0,,,deny,manual,43.00,86.00,true,true,,,,,,https://cdn.jsdelivr.net/gh/reximprimis/posters@main/shopify_thumbs/sea-coast/Impressionism/Sailing_Regatta_at_Noon_mockup_frame.jpg?v=1789599424863,3,,,,,,,,,,,,,,,https://cdn.jsdelivr.net/gh/reximprimis/posters@main/shopify_thumbs/sea-coast/Impressionism/Sailing_Regatta_at_Noon_mockup_frame.jpg?v=1789599424863,kg,,,,
sailing-regatta-at-noon,,,,,,,,,Full Bleed,,,40 × 50 cm (Large),,,,,sailing-regatta-at-noon-full-40x50,0,,,deny,manual,57.00,114.00,true,true,,,,,,https://cdn.jsdelivr.net/gh/reximprimis/posters@main/shopify_thumbs/sea-coast/Impressionism/Sailing_Regatta_at_Noon_mockup_interior.jpg?v=1789599446537,4,,,,,,,,,,,,,,,https://cdn.jsdelivr.net/gh/reximprimis/posters@main/shopify_thumbs/sea-coast/Impressionism/Sailing_Regatta_at_Noon_mockup_interior.jpg?v=1789599446537,kg,,,,
sailing-regatta-at-noon,,,,,,,,,Full Bleed,,,50 × 70 cm (Large),,,,,sailing-regatta-at-noon-full-50x70,0,,,deny,manual,71.00,142.00,true,true,,,,,,,,,,,,,,,,,,,,,,https://cdn.jsdelivr.net/gh/reximprimis/posters@main/shopify_thumbs/sea-coast/Impressionism/Sailing_Regatta_at_Noon_thumb.jpg?v=1789622245490,kg,,,,
sailing-regatta-at-noon,,,,,,,,,White Border,,,13 × 18 cm (Small),,,,,sailing-regatta-at-noon-ramka-13x18,0,,,deny,manual,16.00,32.00,true,true,,,,,,,,,,,,,,,,,,,,,,https://cdn.jsdelivr.net/gh/reximprimis/posters@main/shopify_thumbs/sea-coast/Impressionism/Sailing_Regatta_at_Noon_ramka_thumb.jpg?v=1789622246303,kg,,,,
sailing-regatta-at-noon,,,,,,,,,White Border,,,21 × 30 cm (A4),,,,,sailing-regatta-at-noon-ramka-21x30,0,,,deny,manual,26.00,52.00,true,true,,,,,,,,,,,,,,,,,,,,,,https://cdn.jsdelivr.net/gh/reximprimis/posters@main/shopify_thumbs/sea-coast/Impressionism/Sailing_Regatta_at_Noon_ramka_thumb.jpg?v=1789622246303,kg,,,,
sailing-regatta-at-noon,,,,,,,,,White Border,,,30 × 40 cm (Medium),,,,,sailing-regatta-at-noon-ramka-30x40,0,,,deny,manual,43.00,86.00,true,true,,,,,,,,,,,,,,,,,,,,,,https://cdn.jsdelivr.net/gh/reximprimis/posters@main/shopify_thumbs/sea-coast/Impressionism/Sailing_Regatta_at_Noon_ramka_thumb.jpg?v=1789622246303,kg,,,,
sailing-regatta-at-noon,,,,,,,,,White Border,,,40 × 50 cm (Large),,,,,sailing-regatta-at-noon-ramka-40x50,0,,,deny,manual,57.00,114.00,true,true,,,,,,,,,,,,,,,,,,,,,,https://cdn.jsdelivr.net/gh/reximprimis/posters@main/shopify_thumbs/sea-coast/Impressionism/Sailing_Regatta_at_Noon_ramka_thumb.jpg?v=1789622246303,kg,,,,
sailing-regatta-at-noon,,,,,,,,,White Border,,,50 × 70 cm (Large),,,,,sailing-regatta-at-noon-ramka-50x70,0,,,deny,manual,71.00,142.00,true,true,,,,,,,,,,,,,,,,,,,,,,https://cdn.jsdelivr.net/gh/reximprimis/posters@main/shopify_thumbs/sea-coast/Impressionism/Sailing_Regatta_at_Noon_ramka_thumb.jpg?v=1789622246303,kg,,,,
water-garden-with-lilies,Water Garden with Lilies,"<p>Immerse yourself in the serene beauty of ""Water Garden with Lilies,"" where the gentle brushstrokes of impressionism capture the delicate elegance of blooming lilies amidst tranquil waters. The soft, dappled light and rich, harmonious colors evoke a sense of calm, inviting you to experience a moment of peaceful reflection. This artwork serves as a timeless reminder of nature's quiet grace, perfect for enhancing any space with a touch of sophistication.</p>",REXIMPRIMIS,"Home & Garden > Decor > Artwork > Posters, Prints, & Visual Artwork",poster,"poster, category:botanical, style:impressionism, orientation:portrait, room:living-room, room:bedroom, room:bathroom, room:home-office, room:dining-room, room:kitchen, room:kids-room, size:13x18, size:21x30, size:30x40, size:40x50, size:50x70, collection:new-arrivals",true,Print Style,Full Bleed,,Size,13 × 18 cm (Small),,,,,water-garden-with-lilies-full-13x18,0,,,deny,manual,16.00,32.00,true,true,,,,,,https://cdn.jsdelivr.net/gh/reximprimis/posters@main/shopify_thumbs/botanical/Impressionism/Water_Garden_with_Lilies_thumb.jpg?v=1789622246991,1,,false,Water Garden with Lilies | REXIMPRIMIS,"Immerse yourself in the serene beauty of ""Water Garden with Lilies,"" where the gentle brushstrokes of impressionism capture the delicate elegance of blooming…",,,,,,,,,,,https://cdn.jsdelivr.net/gh/reximprimis/posters@main/shopify_thumbs/botanical/Impressionism/Water_Garden_with_Lilies_thumb.jpg?v=1789622246991,kg,,,active,
water-garden-with-lilies,,,,,,,,,Full Bleed,,,21 × 30 cm (A4),,,,,water-garden-with-lilies-full-21x30,0,,,deny,manual,26.00,52.00,true,true,,,,,,https://cdn.jsdelivr.net/gh/reximprimis/posters@main/shopify_thumbs/botanical/Impressionism/Water_Garden_with_Lilies_ramka_thumb.jpg?v=1789622247842,2,,,,,,,,,,,,,,,https://cdn.jsdelivr.net/gh/reximprimis/posters@main/shopify_thumbs/botanical/Impressionism/Water_Garden_with_Lilies_ramka_thumb.jpg?v=1789622247842,kg,,,,
water-garden-with-lilies,,,,,,,,,Full Bleed,,,30 × 40 cm (Medium),,,,,water-garden-with-lilies-full-30x40,0,,,deny,manual,43.00,86.00,true,true,,,,,,https://cdn.jsdelivr.net/gh/reximprimis/posters@main/shopify_thumbs/botanical/Impressionism/Water_Garden_with_Lilies_mockup_frame.jpg?v=1789599572547,3,,,,,,,,,,,,,,,https://cdn.jsdelivr.net/gh/reximprimis/posters@main/shopify_thumbs/botanical/Impressionism/Water_Garden_with_Lilies_mockup_frame.jpg?v=1789599572547,kg,,,,
water-garden-with-lilies,,,,,,,,,Full Bleed,,,40 × 50 cm (Large),,,,,water-garden-with-lilies-full-40x50,0,,,deny,manual,57.00,114.00,true,true,,,,,,https://cdn.jsdelivr.net/gh/reximprimis/posters@main/shopify_thumbs/botanical/Impressionism/Water_Garden_with_Lilies_mockup_interior.jpg?v=1789599591555,4,,,,,,,,,,,,,,,https://cdn.jsdelivr.net/gh/reximprimis/posters@main/shopify_thumbs/botanical/Impressionism/Water_Garden_with_Lilies_mockup_interior.jpg?v=1789599591555,kg,,,,
water-garden-with-lilies,,,,,,,,,Full Bleed,,,50 × 70 cm (Large),,,,,water-garden-with-lilies-full-50x70,0,,,deny,manual,71.00,142.00,true,true,,,,,,,,,,,,,,,,,,,,,,https://cdn.jsdelivr.net/gh/reximprimis/posters@main/shopify_thumbs/botanical/Impressionism/Water_Garden_with_Lilies_thumb.jpg?v=1789622246991,kg,,,,
water-garden-with-lilies,,,,,,,,,White Border,,,13 × 18 cm (Small),,,,,water-garden-with-lilies-ramka-13x18,0,,,deny,manual,16.00,32.00,true,true,,,,,,,,,,,,,,,,,,,,,,https://cdn.jsdelivr.net/gh/reximprimis/posters@main/shopify_thumbs/botanical/Impressionism/Water_Garden_with_Lilies_ramka_thumb.jpg?v=1789622247842,kg,,,,
water-garden-with-lilies,,,,,,,,,White Border,,,21 × 30 cm (A4),,,,,water-garden-with-lilies-ramka-21x30,0,,,deny,manual,26.00,52.00,true,true,,,,,,,,,,,,,,,,,,,,,,https://cdn.jsdelivr.net/gh/reximprimis/posters@main/shopify_thumbs/botanical/Impressionism/Water_Garden_with_Lilies_ramka_thumb.jpg?v=1789622247842,kg,,,,
water-garden-with-lilies,,,,,,,,,White Border,,,30 × 40 cm (Medium),,,,,water-garden-with-lilies-ramka-30x40,0,,,deny,manual,43.00,86.00,true,true,,,,,,,,,,,,,,,,,,,,,,https://cdn.jsdelivr.net/gh/reximprimis/posters@main/shopify_thumbs/botanical/Impressionism/Water_Garden_with_Lilies_ramka_thumb.jpg?v=1789622247842,kg,,,,
water-garden-with-lilies,,,,,,,,,White Border,,,40 × 50 cm (Large),,,,,water-garden-with-lilies-ramka-40x50,0,,,deny,manual,57.00,114.00,true,true,,,,,,,,,,,,,,,,,,,,,,https://cdn.jsdelivr.net/gh/reximprimis/posters@main/shopify_thumbs/botanical/Impressionism/Water_Garden_with_Lilies_ramka_thumb.jpg?v=1789622247842,kg,,,,
water-garden-with-lilies,,,,,,,,,White Border,,,50 × 70 cm (Large),,,,,water-garden-with-lilies-ramka-50x70,0,,,deny,manual,71.00,142.00,true,true,,,,,,,,,,,,,,,,,,,,,,https://cdn.jsdelivr.net/gh/reximprimis/posters@main/shopify_thumbs/botanical/Impressionism/Water_Garden_with_Lilies_ramka_thumb.jpg?v=1789622247842,kg,,,,
iris-garden-in-bloom,Iris Garden in Bloom,"<p>Experience the serene beauty of ""Iris Garden in Bloom,"" where vibrant irises gracefully flourish amidst a soft, impressionistic backdrop. This artwork captures the delicate interplay of light and color, inviting a sense of calm and tranquility into your space. With its textured brushstrokes and harmonious palette, this piece transforms any room into a peaceful sanctuary.</p>",REXIMPRIMIS,"Home & Garden > Decor > Artwork > Posters, Prints, & Visual Artwork",poster,"poster, category:botanical, style:impressionism, orientation:portrait, room:living-room, room:bedroom, room:bathroom, room:home-office, room:dining-room, room:kitchen, room:kids-room, size:13x18, size:21x30, size:30x40, size:40x50, size:50x70, collection:new-arrivals",true,Print Style,Full Bleed,,Size,13 × 18 cm (Small),,,,,iris-garden-in-bloom-full-13x18,0,,,deny,manual,16.00,32.00,true,true,,,,,,https://cdn.jsdelivr.net/gh/reximprimis/posters@main/shopify_thumbs/botanical/Impressionism/Iris_Garden_in_Bloom_thumb.jpg?v=1789622248453,1,,false,Iris Garden in Bloom | REXIMPRIMIS,"Experience the serene beauty of ""Iris Garden in Bloom,"" where vibrant irises gracefully flourish amidst a soft, impressionistic backdrop. This artwork captures…",,,,,,,,,,,https://cdn.jsdelivr.net/gh/reximprimis/posters@main/shopify_thumbs/botanical/Impressionism/Iris_Garden_in_Bloom_thumb.jpg?v=1789622248453,kg,,,active,
iris-garden-in-bloom,,,,,,,,,Full Bleed,,,21 × 30 cm (A4),,,,,iris-garden-in-bloom-full-21x30,0,,,deny,manual,26.00,52.00,true,true,,,,,,https://cdn.jsdelivr.net/gh/reximprimis/posters@main/shopify_thumbs/botanical/Impressionism/Iris_Garden_in_Bloom_ramka_thumb.jpg?v=1789622249252,2,,,,,,,,,,,,,,,https://cdn.jsdelivr.net/gh/reximprimis/posters@main/shopify_thumbs/botanical/Impressionism/Iris_Garden_in_Bloom_ramka_thumb.jpg?v=1789622249252,kg,,,,
iris-garden-in-bloom,,,,,,,,,Full Bleed,,,30 × 40 cm (Medium),,,,,iris-garden-in-bloom-full-30x40,0,,,deny,manual,43.00,86.00,true,true,,,,,,https://cdn.jsdelivr.net/gh/reximprimis/posters@main/shopify_thumbs/botanical/Impressionism/Iris_Garden_in_Bloom_mockup_frame.jpg?v=1789599608012,3,,,,,,,,,,,,,,,https://cdn.jsdelivr.net/gh/reximprimis/posters@main/shopify_thumbs/botanical/Impressionism/Iris_Garden_in_Bloom_mockup_frame.jpg?v=1789599608012,kg,,,,
iris-garden-in-bloom,,,,,,,,,Full Bleed,,,40 × 50 cm (Large),,,,,iris-garden-in-bloom-full-40x50,0,,,deny,manual,57.00,114.00,true,true,,,,,,https://cdn.jsdelivr.net/gh/reximprimis/posters@main/shopify_thumbs/botanical/Impressionism/Iris_Garden_in_Bloom_mockup_interior.jpg?v=1789599628168,4,,,,,,,,,,,,,,,https://cdn.jsdelivr.net/gh/reximprimis/posters@main/shopify_thumbs/botanical/Impressionism/Iris_Garden_in_Bloom_mockup_interior.jpg?v=1789599628168,kg,,,,
iris-garden-in-bloom,,,,,,,,,Full Bleed,,,50 × 70 cm (Large),,,,,iris-garden-in-bloom-full-50x70,0,,,deny,manual,71.00,142.00,true,true,,,,,,,,,,,,,,,,,,,,,,https://cdn.jsdelivr.net/gh/reximprimis/posters@main/shopify_thumbs/botanical/Impressionism/Iris_Garden_in_Bloom_thumb.jpg?v=1789622248453,kg,,,,
iris-garden-in-bloom,,,,,,,,,White Border,,,13 × 18 cm (Small),,,,,iris-garden-in-bloom-ramka-13x18,0,,,deny,manual,16.00,32.00,true,true,,,,,,,,,,,,,,,,,,,,,,https://cdn.jsdelivr.net/gh/reximprimis/posters@main/shopify_thumbs/botanical/Impressionism/Iris_Garden_in_Bloom_ramka_thumb.jpg?v=1789622249252,kg,,,,
iris-garden-in-bloom,,,,,,,,,White Border,,,21 × 30 cm (A4),,,,,iris-garden-in-bloom-ramka-21x30,0,,,deny,manual,26.00,52.00,true,true,,,,,,,,,,,,,,,,,,,,,,https://cdn.jsdelivr.net/gh/reximprimis/posters@main/shopify_thumbs/botanical/Impressionism/Iris_Garden_in_Bloom_ramka_thumb.jpg?v=1789622249252,kg,,,,
iris-garden-in-bloom,,,,,,,,,White Border,,,30 × 40 cm (Medium),,,,,iris-garden-in-bloom-ramka-30x40,0,,,deny,manual,43.00,86.00,true,true,,,,,,,,,,,,,,,,,,,,,,https://cdn.jsdelivr.net/gh/reximprimis/posters@main/shopify_thumbs/botanical/Impressionism/Iris_Garden_in_Bloom_ramka_thumb.jpg?v=1789622249252,kg,,,,
iris-garden-in-bloom,,,,,,,,,White Border,,,40 × 50 cm (Large),,,,,iris-garden-in-bloom-ramka-40x50,0,,,deny,manual,57.00,114.00,true,true,,,,,,,,,,,,,,,,,,,,,,https://cdn.jsdelivr.net/gh/reximprimis/posters@main/shopify_thumbs/botanical/Impressionism/Iris_Garden_in_Bloom_ramka_thumb.jpg?v=1789622249252,kg,,,,
iris-garden-in-bloom,,,,,,,,,White Border,,,50 × 70 cm (Large),,,,,iris-garden-in-bloom-ramka-50x70,0,,,deny,manual,71.00,142.00,true,true,,,,,,,,,,,,,,,,,,,,,,https://cdn.jsdelivr.net/gh/reximprimis/posters@main/shopify_thumbs/botanical/Impressionism/Iris_Garden_in_Bloom_ramka_thumb.jpg?v=1789622249252,kg,,,,
peony-garden-at-dawn,Peony Garden at Dawn,"<p>Awaken your space with ""Peony Garden at Dawn,"" a serene impressionist portrayal of blooming peonies bathed in the gentle light of early morning. The rich, textured brushstrokes evoke a tranquil atmosphere, inviting a sense of calm and natural beauty into your home. This artwork captures the delicate flow of nature, making it a perfect addition to any thoughtfully curated interior.</p>",REXIMPRIMIS,"Home & Garden > Decor > Artwork > Posters, Prints, & Visual Artwork",poster,"poster, category:botanical, style:impressionism, orientation:portrait, room:living-room, room:bedroom, room:bathroom, room:home-office, room:dining-room, room:kitchen, room:kids-room, size:13x18, size:21x30, size:30x40, size:40x50, size:50x70, collection:new-arrivals",true,Print Style,Full Bleed,,Size,13 × 18 cm (Small),,,,,peony-garden-at-dawn-full-13x18,0,,,deny,manual,16.00,32.00,true,true,,,,,,https://cdn.jsdelivr.net/gh/reximprimis/posters@main/shopify_thumbs/botanical/Impressionism/Peony_Garden_at_Dawn_thumb.jpg?v=1789622249918,1,,false,Peony Garden at Dawn | REXIMPRIMIS,"Awaken your space with ""Peony Garden at Dawn,"" a serene impressionist portrayal of blooming peonies bathed in the gentle light of early morning. The rich…",,,,,,,,,,,https://cdn.jsdelivr.net/gh/reximprimis/posters@main/shopify_thumbs/botanical/Impressionism/Peony_Garden_at_Dawn_thumb.jpg?v=1789622249918,kg,,,active,
peony-garden-at-dawn,,,,,,,,,Full Bleed,,,21 × 30 cm (A4),,,,,peony-garden-at-dawn-full-21x30,0,,,deny,manual,26.00,52.00,true,true,,,,,,https://cdn.jsdelivr.net/gh/reximprimis/posters@main/shopify_thumbs/botanical/Impressionism/Peony_Garden_at_Dawn_ramka_thumb.jpg?v=1789622250730,2,,,,,,,,,,,,,,,https://cdn.jsdelivr.net/gh/reximprimis/posters@main/shopify_thumbs/botanical/Impressionism/Peony_Garden_at_Dawn_ramka_thumb.jpg?v=1789622250730,kg,,,,
peony-garden-at-dawn,,,,,,,,,Full Bleed,,,30 × 40 cm (Medium),,,,,peony-garden-at-dawn-full-30x40,0,,,deny,manual,43.00,86.00,true,true,,,,,,https://cdn.jsdelivr.net/gh/reximprimis/posters@main/shopify_thumbs/botanical/Impressionism/Peony_Garden_at_Dawn_mockup_frame.jpg?v=1789599647929,3,,,,,,,,,,,,,,,https://cdn.jsdelivr.net/gh/reximprimis/posters@main/shopify_thumbs/botanical/Impressionism/Peony_Garden_at_Dawn_mockup_frame.jpg?v=1789599647929,kg,,,,
peony-garden-at-dawn,,,,,,,,,Full Bleed,,,40 × 50 cm (Large),,,,,peony-garden-at-dawn-full-40x50,0,,,deny,manual,57.00,114.00,true,true,,,,,,https://cdn.jsdelivr.net/gh/reximprimis/posters@main/shopify_thumbs/botanical/Impressionism/Peony_Garden_at_Dawn_mockup_interior.jpg?v=1789599665341,4,,,,,,,,,,,,,,,https://cdn.jsdelivr.net/gh/reximprimis/posters@main/shopify_thumbs/botanical/Impressionism/Peony_Garden_at_Dawn_mockup_interior.jpg?v=1789599665341,kg,,,,
peony-garden-at-dawn,,,,,,,,,Full Bleed,,,50 × 70 cm (Large),,,,,peony-garden-at-dawn-full-50x70,0,,,deny,manual,71.00,142.00,true,true,,,,,,,,,,,,,,,,,,,,,,https://cdn.jsdelivr.net/gh/reximprimis/posters@main/shopify_thumbs/botanical/Impressionism/Peony_Garden_at_Dawn_thumb.jpg?v=1789622249918,kg,,,,
peony-garden-at-dawn,,,,,,,,,White Border,,,13 × 18 cm (Small),,,,,peony-garden-at-dawn-ramka-13x18,0,,,deny,manual,16.00,32.00,true,true,,,,,,,,,,,,,,,,,,,,,,https://cdn.jsdelivr.net/gh/reximprimis/posters@main/shopify_thumbs/botanical/Impressionism/Peony_Garden_at_Dawn_ramka_thumb.jpg?v=1789622250730,kg,,,,
peony-garden-at-dawn,,,,,,,,,White Border,,,21 × 30 cm (A4),,,,,peony-garden-at-dawn-ramka-21x30,0,,,deny,manual,26.00,52.00,true,true,,,,,,,,,,,,,,,,,,,,,,https://cdn.jsdelivr.net/gh/reximprimis/posters@main/shopify_thumbs/botanical/Impressionism/Peony_Garden_at_Dawn_ramka_thumb.jpg?v=1789622250730,kg,,,,
peony-garden-at-dawn,,,,,,,,,White Border,,,30 × 40 cm (Medium),,,,,peony-garden-at-dawn-ramka-30x40,0,,,deny,manual,43.00,86.00,true,true,,,,,,,,,,,,,,,,,,,,,,https://cdn.jsdelivr.net/gh/reximprimis/posters@main/shopify_thumbs/botanical/Impressionism/Peony_Garden_at_Dawn_ramka_thumb.jpg?v=1789622250730,kg,,,,
peony-garden-at-dawn,,,,,,,,,White Border,,,40 × 50 cm (Large),,,,,peony-garden-at-dawn-ramka-40x50,0,,,deny,manual,57.00,114.00,true,true,,,,,,,,,,,,,,,,,,,,,,https://cdn.jsdelivr.net/gh/reximprimis/posters@main/shopify_thumbs/botanical/Impressionism/Peony_Garden_at_Dawn_ramka_thumb.jpg?v=1789622250730,kg,,,,
peony-garden-at-dawn,,,,,,,,,White Border,,,50 × 70 cm (Large),,,,,peony-garden-at-dawn-ramka-50x70,0,,,deny,manual,71.00,142.00,true,true,,,,,,,,,,,,,,,,,,,,,,https://cdn.jsdelivr.net/gh/reximprimis/posters@main/shopify_thumbs/botanical/Impressionism/Peony_Garden_at_Dawn_ramka_thumb.jpg?v=1789622250730,kg,,,,
wisteria-arbor-in-spring,Wisteria Arbor in Spring,"<p>Experience the tranquil beauty of spring with ""Wisteria Arbor in Spring,"" an impressionist portrayal that captures the delicate blooms of wisteria in full flourish. The artwork's rich, natural color palette and textured brushstrokes evoke a serene atmosphere, inviting you to immerse yourself in the gentle dappled light that filters through the lush foliage. This piece beautifully balances elegance and calm, making it a perfect addition to any space seeking a touch of nature's grace.</p>",REXIMPRIMIS,"Home & Garden > Decor > Artwork > Posters, Prints, & Visual Artwork",poster,"poster, category:botanical, style:impressionism, orientation:portrait, room:living-room, room:bedroom, room:bathroom, room:home-office, room:dining-room, room:kitchen, room:kids-room, size:13x18, size:21x30, size:30x40, size:40x50, size:50x70, collection:new-arrivals",true,Print Style,Full Bleed,,Size,13 × 18 cm (Small),,,,,wisteria-arbor-in-spring-full-13x18,0,,,deny,manual,16.00,32.00,true,true,,,,,,https://cdn.jsdelivr.net/gh/reximprimis/posters@main/shopify_thumbs/botanical/Impressionism/Wisteria_Arbor_in_Spring_thumb.jpg?v=1789622251434,1,,false,Wisteria Arbor in Spring | REXIMPRIMIS,"Experience the tranquil beauty of spring with ""Wisteria Arbor in Spring,"" an impressionist portrayal that captures the delicate blooms of wisteria in full…",,,,,,,,,,,https://cdn.jsdelivr.net/gh/reximprimis/posters@main/shopify_thumbs/botanical/Impressionism/Wisteria_Arbor_in_Spring_thumb.jpg?v=1789622251434,kg,,,active,
wisteria-arbor-in-spring,,,,,,,,,Full Bleed,,,21 × 30 cm (A4),,,,,wisteria-arbor-in-spring-full-21x30,0,,,deny,manual,26.00,52.00,true,true,,,,,,https://cdn.jsdelivr.net/gh/reximprimis/posters@main/shopify_thumbs/botanical/Impressionism/Wisteria_Arbor_in_Spring_ramka_thumb.jpg?v=1789622252273,2,,,,,,,,,,,,,,,https://cdn.jsdelivr.net/gh/reximprimis/posters@main/shopify_thumbs/botanical/Impressionism/Wisteria_Arbor_in_Spring_ramka_thumb.jpg?v=1789622252273,kg,,,,
wisteria-arbor-in-spring,,,,,,,,,Full Bleed,,,30 × 40 cm (Medium),,,,,wisteria-arbor-in-spring-full-30x40,0,,,deny,manual,43.00,86.00,true,true,,,,,,https://cdn.jsdelivr.net/gh/reximprimis/posters@main/shopify_thumbs/botanical/Impressionism/Wisteria_Arbor_in_Spring_mockup_frame.jpg?v=1789599681648,3,,,,,,,,,,,,,,,https://cdn.jsdelivr.net/gh/reximprimis/posters@main/shopify_thumbs/botanical/Impressionism/Wisteria_Arbor_in_Spring_mockup_frame.jpg?v=1789599681648,kg,,,,
wisteria-arbor-in-spring,,,,,,,,,Full Bleed,,,40 × 50 cm (Large),,,,,wisteria-arbor-in-spring-full-40x50,0,,,deny,manual,57.00,114.00,true,true,,,,,,https://cdn.jsdelivr.net/gh/reximprimis/posters@main/shopify_thumbs/botanical/Impressionism/Wisteria_Arbor_in_Spring_mockup_interior.jpg?v=1789599701086,4,,,,,,,,,,,,,,,https://cdn.jsdelivr.net/gh/reximprimis/posters@main/shopify_thumbs/botanical/Impressionism/Wisteria_Arbor_in_Spring_mockup_interior.jpg?v=1789599701086,kg,,,,
wisteria-arbor-in-spring,,,,,,,,,Full Bleed,,,50 × 70 cm (Large),,,,,wisteria-arbor-in-spring-full-50x70,0,,,deny,manual,71.00,142.00,true,true,,,,,,,,,,,,,,,,,,,,,,https://cdn.jsdelivr.net/gh/reximprimis/posters@main/shopify_thumbs/botanical/Impressionism/Wisteria_Arbor_in_Spring_thumb.jpg?v=1789622251434,kg,,,,
wisteria-arbor-in-spring,,,,,,,,,White Border,,,13 × 18 cm (Small),,,,,wisteria-arbor-in-spring-ramka-13x18,0,,,deny,manual,16.00,32.00,true,true,,,,,,,,,,,,,,,,,,,,,,https://cdn.jsdelivr.net/gh/reximprimis/posters@main/shopify_thumbs/botanical/Impressionism/Wisteria_Arbor_in_Spring_ramka_thumb.jpg?v=1789622252273,kg,,,,
wisteria-arbor-in-spring,,,,,,,,,White Border,,,21 × 30 cm (A4),,,,,wisteria-arbor-in-spring-ramka-21x30,0,,,deny,manual,26.00,52.00,true,true,,,,,,,,,,,,,,,,,,,,,,https://cdn.jsdelivr.net/gh/reximprimis/posters@main/shopify_thumbs/botanical/Impressionism/Wisteria_Arbor_in_Spring_ramka_thumb.jpg?v=1789622252273,kg,,,,
wisteria-arbor-in-spring,,,,,,,,,White Border,,,30 × 40 cm (Medium),,,,,wisteria-arbor-in-spring-ramka-30x40,0,,,deny,manual,43.00,86.00,true,true,,,,,,,,,,,,,,,,,,,,,,https://cdn.jsdelivr.net/gh/reximprimis/posters@main/shopify_thumbs/botanical/Impressionism/Wisteria_Arbor_in_Spring_ramka_thumb.jpg?v=1789622252273,kg,,,,
wisteria-arbor-in-spring,,,,,,,,,White Border,,,40 × 50 cm (Large),,,,,wisteria-arbor-in-spring-ramka-40x50,0,,,deny,manual,57.00,114.00,true,true,,,,,,,,,,,,,,,,,,,,,,https://cdn.jsdelivr.net/gh/reximprimis/posters@main/shopify_thumbs/botanical/Impressionism/Wisteria_Arbor_in_Spring_ramka_thumb.jpg?v=1789622252273,kg,,,,
wisteria-arbor-in-spring,,,,,,,,,White Border,,,50 × 70 cm (Large),,,,,wisteria-arbor-in-spring-ramka-50x70,0,,,deny,manual,71.00,142.00,true,true,,,,,,,,,,,,,,,,,,,,,,https://cdn.jsdelivr.net/gh/reximprimis/posters@main/shopify_thumbs/botanical/Impressionism/Wisteria_Arbor_in_Spring_ramka_thumb.jpg?v=1789622252273,kg,,,,
garden-path-through-roses,Garden Path Through Roses,"<p>Immerse yourself in the serene beauty of ""Garden Path Through Roses,"" an impressionist portrayal that invites you to wander down a lush, flowering pathway. The artwork captures the gentle play of light and vibrant hues, evoking a tranquil atmosphere reminiscent of a sun-dappled afternoon. With its rich textures and soft edges, this piece serves as a calming focal point, perfect for enhancing any interior space.</p>",REXIMPRIMIS,"Home & Garden > Decor > Artwork > Posters, Prints, & Visual Artwork",poster,"poster, category:botanical, style:impressionism, orientation:portrait, room:living-room, room:bedroom, room:bathroom, room:home-office, room:dining-room, room:kitchen, room:kids-room, size:13x18, size:21x30, size:30x40, size:40x50, size:50x70, collection:new-arrivals",true,Print Style,Full Bleed,,Size,13 × 18 cm (Small),,,,,garden-path-through-roses-full-13x18,0,,,deny,manual,16.00,32.00,true,true,,,,,,https://cdn.jsdelivr.net/gh/reximprimis/posters@main/shopify_thumbs/botanical/Impressionism/Garden_Path_Through_Roses_thumb.jpg?v=1789622252997,1,,false,Garden Path Through Roses | REXIMPRIMIS,"Immerse yourself in the serene beauty of ""Garden Path Through Roses,"" an impressionist portrayal that invites you to wander down a lush, flowering pathway. The…",,,,,,,,,,,https://cdn.jsdelivr.net/gh/reximprimis/posters@main/shopify_thumbs/botanical/Impressionism/Garden_Path_Through_Roses_thumb.jpg?v=1789622252997,kg,,,active,
garden-path-through-roses,,,,,,,,,Full Bleed,,,21 × 30 cm (A4),,,,,garden-path-through-roses-full-21x30,0,,,deny,manual,26.00,52.00,true,true,,,,,,https://cdn.jsdelivr.net/gh/reximprimis/posters@main/shopify_thumbs/botanical/Impressionism/Garden_Path_Through_Roses_ramka_thumb.jpg?v=1789622253851,2,,,,,,,,,,,,,,,https://cdn.jsdelivr.net/gh/reximprimis/posters@main/shopify_thumbs/botanical/Impressionism/Garden_Path_Through_Roses_ramka_thumb.jpg?v=1789622253851,kg,,,,
garden-path-through-roses,,,,,,,,,Full Bleed,,,30 × 40 cm (Medium),,,,,garden-path-through-roses-full-30x40,0,,,deny,manual,43.00,86.00,true,true,,,,,,https://cdn.jsdelivr.net/gh/reximprimis/posters@main/shopify_thumbs/botanical/Impressionism/Garden_Path_Through_Roses_mockup_frame.jpg?v=1789599719335,3,,,,,,,,,,,,,,,https://cdn.jsdelivr.net/gh/reximprimis/posters@main/shopify_thumbs/botanical/Impressionism/Garden_Path_Through_Roses_mockup_frame.jpg?v=1789599719335,kg,,,,
garden-path-through-roses,,,,,,,,,Full Bleed,,,40 × 50 cm (Large),,,,,garden-path-through-roses-full-40x50,0,,,deny,manual,57.00,114.00,true,true,,,,,,https://cdn.jsdelivr.net/gh/reximprimis/posters@main/shopify_thumbs/botanical/Impressionism/Garden_Path_Through_Roses_mockup_interior.jpg?v=1789599737585,4,,,,,,,,,,,,,,,https://cdn.jsdelivr.net/gh/reximprimis/posters@main/shopify_thumbs/botanical/Impressionism/Garden_Path_Through_Roses_mockup_interior.jpg?v=1789599737585,kg,,,,
garden-path-through-roses,,,,,,,,,Full Bleed,,,50 × 70 cm (Large),,,,,garden-path-through-roses-full-50x70,0,,,deny,manual,71.00,142.00,true,true,,,,,,,,,,,,,,,,,,,,,,https://cdn.jsdelivr.net/gh/reximprimis/posters@main/shopify_thumbs/botanical/Impressionism/Garden_Path_Through_Roses_thumb.jpg?v=1789622252997,kg,,,,
garden-path-through-roses,,,,,,,,,White Border,,,13 × 18 cm (Small),,,,,garden-path-through-roses-ramka-13x18,0,,,deny,manual,16.00,32.00,true,true,,,,,,,,,,,,,,,,,,,,,,https://cdn.jsdelivr.net/gh/reximprimis/posters@main/shopify_thumbs/botanical/Impressionism/Garden_Path_Through_Roses_ramka_thumb.jpg?v=1789622253851,kg,,,,
garden-path-through-roses,,,,,,,,,White Border,,,21 × 30 cm (A4),,,,,garden-path-through-roses-ramka-21x30,0,,,deny,manual,26.00,52.00,true,true,,,,,,,,,,,,,,,,,,,,,,https://cdn.jsdelivr.net/gh/reximprimis/posters@main/shopify_thumbs/botanical/Impressionism/Garden_Path_Through_Roses_ramka_thumb.jpg?v=1789622253851,kg,,,,
garden-path-through-roses,,,,,,,,,White Border,,,30 × 40 cm (Medium),,,,,garden-path-through-roses-ramka-30x40,0,,,deny,manual,43.00,86.00,true,true,,,,,,,,,,,,,,,,,,,,,,https://cdn.jsdelivr.net/gh/reximprimis/posters@main/shopify_thumbs/botanical/Impressionism/Garden_Path_Through_Roses_ramka_thumb.jpg?v=1789622253851,kg,,,,
garden-path-through-roses,,,,,,,,,White Border,,,40 × 50 cm (Large),,,,,garden-path-through-roses-ramka-40x50,0,,,deny,manual,57.00,114.00,true,true,,,,,,,,,,,,,,,,,,,,,,https://cdn.jsdelivr.net/gh/reximprimis/posters@main/shopify_thumbs/botanical/Impressionism/Garden_Path_Through_Roses_ramka_thumb.jpg?v=1789622253851,kg,,,,
garden-path-through-roses,,,,,,,,,White Border,,,50 × 70 cm (Large),,,,,garden-path-through-roses-ramka-50x70,0,,,deny,manual,71.00,142.00,true,true,,,,,,,,,,,,,,,,,,,,,,https://cdn.jsdelivr.net/gh/reximprimis/posters@main/shopify_thumbs/botanical/Impressionism/Garden_Path_Through_Roses_ramka_thumb.jpg?v=1789622253851,kg,,,,
sunlit-rose-trellis,Sunlit Rose Trellis,"<p>Embrace the serene beauty of ""Sunlit Rose Trellis,"" where delicate blossoms intertwine with soft, dappled light in an impressionistic celebration of nature. The rich, natural colors and textured brushstrokes evoke a tranquil atmosphere, inviting a sense of calm and warmth into your space. Let this artwork serve as a gentle reminder of the elegance found in the simplicity of a sunlit garden.</p>",REXIMPRIMIS,"Home & Garden > Decor > Artwork > Posters, Prints, & Visual Artwork",poster,"poster, category:botanical, style:impressionism, orientation:portrait, room:living-room, room:bedroom, room:bathroom, room:home-office, room:dining-room, room:kitchen, room:kids-room, size:13x18, size:21x30, size:30x40, size:40x50, size:50x70, collection:new-arrivals",true,Print Style,Full Bleed,,Size,13 × 18 cm (Small),,,,,sunlit-rose-trellis-full-13x18,0,,,deny,manual,16.00,32.00,true,true,,,,,,https://cdn.jsdelivr.net/gh/reximprimis/posters@main/shopify_thumbs/botanical/Impressionism/Sunlit_Rose_Trellis_thumb.jpg?v=1789622254494,1,,false,Sunlit Rose Trellis | REXIMPRIMIS,"Embrace the serene beauty of ""Sunlit Rose Trellis,"" where delicate blossoms intertwine with soft, dappled light in an impressionistic celebration of nature…",,,,,,,,,,,https://cdn.jsdelivr.net/gh/reximprimis/posters@main/shopify_thumbs/botanical/Impressionism/Sunlit_Rose_Trellis_thumb.jpg?v=1789622254494,kg,,,active,
sunlit-rose-trellis,,,,,,,,,Full Bleed,,,21 × 30 cm (A4),,,,,sunlit-rose-trellis-full-21x30,0,,,deny,manual,26.00,52.00,true,true,,,,,,https://cdn.jsdelivr.net/gh/reximprimis/posters@main/shopify_thumbs/botanical/Impressionism/Sunlit_Rose_Trellis_ramka_thumb.jpg?v=1789622255324,2,,,,,,,,,,,,,,,https://cdn.jsdelivr.net/gh/reximprimis/posters@main/shopify_thumbs/botanical/Impressionism/Sunlit_Rose_Trellis_ramka_thumb.jpg?v=1789622255324,kg,,,,
sunlit-rose-trellis,,,,,,,,,Full Bleed,,,30 × 40 cm (Medium),,,,,sunlit-rose-trellis-full-30x40,0,,,deny,manual,43.00,86.00,true,true,,,,,,https://cdn.jsdelivr.net/gh/reximprimis/posters@main/shopify_thumbs/botanical/Impressionism/Sunlit_Rose_Trellis_mockup_frame.jpg?v=1789599757052,3,,,,,,,,,,,,,,,https://cdn.jsdelivr.net/gh/reximprimis/posters@main/shopify_thumbs/botanical/Impressionism/Sunlit_Rose_Trellis_mockup_frame.jpg?v=1789599757052,kg,,,,
sunlit-rose-trellis,,,,,,,,,Full Bleed,,,40 × 50 cm (Large),,,,,sunlit-rose-trellis-full-40x50,0,,,deny,manual,57.00,114.00,true,true,,,,,,https://cdn.jsdelivr.net/gh/reximprimis/posters@main/shopify_thumbs/botanical/Impressionism/Sunlit_Rose_Trellis_mockup_interior.jpg?v=1789599777757,4,,,,,,,,,,,,,,,https://cdn.jsdelivr.net/gh/reximprimis/posters@main/shopify_thumbs/botanical/Impressionism/Sunlit_Rose_Trellis_mockup_interior.jpg?v=1789599777757,kg,,,,
sunlit-rose-trellis,,,,,,,,,Full Bleed,,,50 × 70 cm (Large),,,,,sunlit-rose-trellis-full-50x70,0,,,deny,manual,71.00,142.00,true,true,,,,,,,,,,,,,,,,,,,,,,https://cdn.jsdelivr.net/gh/reximprimis/posters@main/shopify_thumbs/botanical/Impressionism/Sunlit_Rose_Trellis_thumb.jpg?v=1789622254494,kg,,,,
sunlit-rose-trellis,,,,,,,,,White Border,,,13 × 18 cm (Small),,,,,sunlit-rose-trellis-ramka-13x18,0,,,deny,manual,16.00,32.00,true,true,,,,,,,,,,,,,,,,,,,,,,https://cdn.jsdelivr.net/gh/reximprimis/posters@main/shopify_thumbs/botanical/Impressionism/Sunlit_Rose_Trellis_ramka_thumb.jpg?v=1789622255324,kg,,,,
sunlit-rose-trellis,,,,,,,,,White Border,,,21 × 30 cm (A4),,,,,sunlit-rose-trellis-ramka-21x30,0,,,deny,manual,26.00,52.00,true,true,,,,,,,,,,,,,,,,,,,,,,https://cdn.jsdelivr.net/gh/reximprimis/posters@main/shopify_thumbs/botanical/Impressionism/Sunlit_Rose_Trellis_ramka_thumb.jpg?v=1789622255324,kg,,,,
sunlit-rose-trellis,,,,,,,,,White Border,,,30 × 40 cm (Medium),,,,,sunlit-rose-trellis-ramka-30x40,0,,,deny,manual,43.00,86.00,true,true,,,,,,,,,,,,,,,,,,,,,,https://cdn.jsdelivr.net/gh/reximprimis/posters@main/shopify_thumbs/botanical/Impressionism/Sunlit_Rose_Trellis_ramka_thumb.jpg?v=1789622255324,kg,,,,
sunlit-rose-trellis,,,,,,,,,White Border,,,40 × 50 cm (Large),,,,,sunlit-rose-trellis-ramka-40x50,0,,,deny,manual,57.00,114.00,true,true,,,,,,,,,,,,,,,,,,,,,,https://cdn.jsdelivr.net/gh/reximprimis/posters@main/shopify_thumbs/botanical/Impressionism/Sunlit_Rose_Trellis_ramka_thumb.jpg?v=1789622255324,kg,,,,
sunlit-rose-trellis,,,,,,,,,White Border,,,50 × 70 cm (Large),,,,,sunlit-rose-trellis-ramka-50x70,0,,,deny,manual,71.00,142.00,true,true,,,,,,,,,,,,,,,,,,,,,,https://cdn.jsdelivr.net/gh/reximprimis/posters@main/shopify_thumbs/botanical/Impressionism/Sunlit_Rose_Trellis_ramka_thumb.jpg?v=1789622255324,kg,,,,
blooming-garden-terrace,Blooming Garden Terrace,"<p>Experience the serene beauty of ""Blooming Garden Terrace,"" where lush blossoms and delicate foliage converge in an impressionist masterpiece. This artwork captures the essence of a tranquil garden, rendered with rich, harmonious colors and expressive brushstrokes that evoke a gentle, calming atmosphere. Allow the soft, dappled light and organic forms to transport you to a peaceful outdoor retreat, perfect for enhancing any space.</p>",REXIMPRIMIS,"Home & Garden > Decor > Artwork > Posters, Prints, & Visual Artwork",poster,"poster, category:botanical, style:impressionism, orientation:portrait, room:living-room, room:bedroom, room:bathroom, room:home-office, room:dining-room, room:kitchen, room:kids-room, size:13x18, size:21x30, size:30x40, size:40x50, size:50x70, collection:new-arrivals",true,Print Style,Full Bleed,,Size,13 × 18 cm (Small),,,,,blooming-garden-terrace-full-13x18,0,,,deny,manual,16.00,32.00,true,true,,,,,,https://cdn.jsdelivr.net/gh/reximprimis/posters@main/shopify_thumbs/botanical/Impressionism/Blooming_Garden_Terrace_thumb.jpg?v=1789622256025,1,,false,Blooming Garden Terrace | REXIMPRIMIS,"Experience the serene beauty of ""Blooming Garden Terrace,"" where lush blossoms and delicate foliage converge in an impressionist masterpiece. This artwork…",,,,,,,,,,,https://cdn.jsdelivr.net/gh/reximprimis/posters@main/shopify_thumbs/botanical/Impressionism/Blooming_Garden_Terrace_thumb.jpg?v=1789622256025,kg,,,active,
blooming-garden-terrace,,,,,,,,,Full Bleed,,,21 × 30 cm (A4),,,,,blooming-garden-terrace-full-21x30,0,,,deny,manual,26.00,52.00,true,true,,,,,,https://cdn.jsdelivr.net/gh/reximprimis/posters@main/shopify_thumbs/botanical/Impressionism/Blooming_Garden_Terrace_ramka_thumb.jpg?v=1789622256863,2,,,,,,,,,,,,,,,https://cdn.jsdelivr.net/gh/reximprimis/posters@main/shopify_thumbs/botanical/Impressionism/Blooming_Garden_Terrace_ramka_thumb.jpg?v=1789622256863,kg,,,,
blooming-garden-terrace,,,,,,,,,Full Bleed,,,30 × 40 cm (Medium),,,,,blooming-garden-terrace-full-30x40,0,,,deny,manual,43.00,86.00,true,true,,,,,,https://cdn.jsdelivr.net/gh/reximprimis/posters@main/shopify_thumbs/botanical/Impressionism/Blooming_Garden_Terrace_mockup_frame.jpg?v=1789599795695,3,,,,,,,,,,,,,,,https://cdn.jsdelivr.net/gh/reximprimis/posters@main/shopify_thumbs/botanical/Impressionism/Blooming_Garden_Terrace_mockup_frame.jpg?v=1789599795695,kg,,,,
blooming-garden-terrace,,,,,,,,,Full Bleed,,,40 × 50 cm (Large),,,,,blooming-garden-terrace-full-40x50,0,,,deny,manual,57.00,114.00,true,true,,,,,,https://cdn.jsdelivr.net/gh/reximprimis/posters@main/shopify_thumbs/botanical/Impressionism/Blooming_Garden_Terrace_mockup_interior.jpg?v=1789599814687,4,,,,,,,,,,,,,,,https://cdn.jsdelivr.net/gh/reximprimis/posters@main/shopify_thumbs/botanical/Impressionism/Blooming_Garden_Terrace_mockup_interior.jpg?v=1789599814687,kg,,,,
blooming-garden-terrace,,,,,,,,,Full Bleed,,,50 × 70 cm (Large),,,,,blooming-garden-terrace-full-50x70,0,,,deny,manual,71.00,142.00,true,true,,,,,,,,,,,,,,,,,,,,,,https://cdn.jsdelivr.net/gh/reximprimis/posters@main/shopify_thumbs/botanical/Impressionism/Blooming_Garden_Terrace_thumb.jpg?v=1789622256025,kg,,,,
blooming-garden-terrace,,,,,,,,,White Border,,,13 × 18 cm (Small),,,,,blooming-garden-terrace-ramka-13x18,0,,,deny,manual,16.00,32.00,true,true,,,,,,,,,,,,,,,,,,,,,,https://cdn.jsdelivr.net/gh/reximprimis/posters@main/shopify_thumbs/botanical/Impressionism/Blooming_Garden_Terrace_ramka_thumb.jpg?v=1789622256863,kg,,,,
blooming-garden-terrace,,,,,,,,,White Border,,,21 × 30 cm (A4),,,,,blooming-garden-terrace-ramka-21x30,0,,,deny,manual,26.00,52.00,true,true,,,,,,,,,,,,,,,,,,,,,,https://cdn.jsdelivr.net/gh/reximprimis/posters@main/shopify_thumbs/botanical/Impressionism/Blooming_Garden_Terrace_ramka_thumb.jpg?v=1789622256863,kg,,,,
blooming-garden-terrace,,,,,,,,,White Border,,,30 × 40 cm (Medium),,,,,blooming-garden-terrace-ramka-30x40,0,,,deny,manual,43.00,86.00,true,true,,,,,,,,,,,,,,,,,,,,,,https://cdn.jsdelivr.net/gh/reximprimis/posters@main/shopify_thumbs/botanical/Impressionism/Blooming_Garden_Terrace_ramka_thumb.jpg?v=1789622256863,kg,,,,
blooming-garden-terrace,,,,,,,,,White Border,,,40 × 50 cm (Large),,,,,blooming-garden-terrace-ramka-40x50,0,,,deny,manual,57.00,114.00,true,true,,,,,,,,,,,,,,,,,,,,,,https://cdn.jsdelivr.net/gh/reximprimis/posters@main/shopify_thumbs/botanical/Impressionism/Blooming_Garden_Terrace_ramka_thumb.jpg?v=1789622256863,kg,,,,
blooming-garden-terrace,,,,,,,,,White Border,,,50 × 70 cm (Large),,,,,blooming-garden-terrace-ramka-50x70,0,,,deny,manual,71.00,142.00,true,true,,,,,,,,,,,,,,,,,,,,,,https://cdn.jsdelivr.net/gh/reximprimis/posters@main/shopify_thumbs/botanical/Impressionism/Blooming_Garden_Terrace_ramka_thumb.jpg?v=1789622256863,kg,,,,
chrysanthemum-garden-in-autumn,Chrysanthemum Garden in Autumn,"<p>Embrace the serene beauty of autumn with ""Chrysanthemum Garden in Autumn,"" an impressionist portrayal that captures the essence of this vibrant season. Rich hues and textured brushstrokes evoke a sense of warmth and nostalgia, inviting you to lose yourself in the gentle dance of blossoms. This artwork transforms your space into a tranquil retreat, celebrating nature's fleeting moments with elegance and charm.</p>",REXIMPRIMIS,"Home & Garden > Decor > Artwork > Posters, Prints, & Visual Artwork",poster,"poster, category:botanical, style:impressionism, orientation:portrait, room:living-room, room:bedroom, room:bathroom, room:home-office, room:dining-room, room:kitchen, room:kids-room, size:13x18, size:21x30, size:30x40, size:40x50, size:50x70, collection:new-arrivals",true,Print Style,Full Bleed,,Size,13 × 18 cm (Small),,,,,chrysanthemum-garden-in-autumn-full-13x18,0,,,deny,manual,16.00,32.00,true,true,,,,,,https://cdn.jsdelivr.net/gh/reximprimis/posters@main/shopify_thumbs/botanical/Impressionism/Chrysanthemum_Garden_in_Autumn_thumb.jpg?v=1789622257558,1,,false,Chrysanthemum Garden in Autumn | REXIMPRIMIS,"Embrace the serene beauty of autumn with ""Chrysanthemum Garden in Autumn,"" an impressionist portrayal that captures the essence of this vibrant season. Rich…",,,,,,,,,,,https://cdn.jsdelivr.net/gh/reximprimis/posters@main/shopify_thumbs/botanical/Impressionism/Chrysanthemum_Garden_in_Autumn_thumb.jpg?v=1789622257558,kg,,,active,
chrysanthemum-garden-in-autumn,,,,,,,,,Full Bleed,,,21 × 30 cm (A4),,,,,chrysanthemum-garden-in-autumn-full-21x30,0,,,deny,manual,26.00,52.00,true,true,,,,,,https://cdn.jsdelivr.net/gh/reximprimis/posters@main/shopify_thumbs/botanical/Impressionism/Chrysanthemum_Garden_in_Autumn_ramka_thumb.jpg?v=1789622258400,2,,,,,,,,,,,,,,,https://cdn.jsdelivr.net/gh/reximprimis/posters@main/shopify_thumbs/botanical/Impressionism/Chrysanthemum_Garden_in_Autumn_ramka_thumb.jpg?v=1789622258400,kg,,,,
chrysanthemum-garden-in-autumn,,,,,,,,,Full Bleed,,,30 × 40 cm (Medium),,,,,chrysanthemum-garden-in-autumn-full-30x40,0,,,deny,manual,43.00,86.00,true,true,,,,,,https://cdn.jsdelivr.net/gh/reximprimis/posters@main/shopify_thumbs/botanical/Impressionism/Chrysanthemum_Garden_in_Autumn_mockup_frame.jpg?v=1789599836533,3,,,,,,,,,,,,,,,https://cdn.jsdelivr.net/gh/reximprimis/posters@main/shopify_thumbs/botanical/Impressionism/Chrysanthemum_Garden_in_Autumn_mockup_frame.jpg?v=1789599836533,kg,,,,
chrysanthemum-garden-in-autumn,,,,,,,,,Full Bleed,,,40 × 50 cm (Large),,,,,chrysanthemum-garden-in-autumn-full-40x50,0,,,deny,manual,57.00,114.00,true,true,,,,,,https://cdn.jsdelivr.net/gh/reximprimis/posters@main/shopify_thumbs/botanical/Impressionism/Chrysanthemum_Garden_in_Autumn_mockup_interior.jpg?v=1789599852561,4,,,,,,,,,,,,,,,https://cdn.jsdelivr.net/gh/reximprimis/posters@main/shopify_thumbs/botanical/Impressionism/Chrysanthemum_Garden_in_Autumn_mockup_interior.jpg?v=1789599852561,kg,,,,
chrysanthemum-garden-in-autumn,,,,,,,,,Full Bleed,,,50 × 70 cm (Large),,,,,chrysanthemum-garden-in-autumn-full-50x70,0,,,deny,manual,71.00,142.00,true,true,,,,,,,,,,,,,,,,,,,,,,https://cdn.jsdelivr.net/gh/reximprimis/posters@main/shopify_thumbs/botanical/Impressionism/Chrysanthemum_Garden_in_Autumn_thumb.jpg?v=1789622257558,kg,,,,
chrysanthemum-garden-in-autumn,,,,,,,,,White Border,,,13 × 18 cm (Small),,,,,chrysanthemum-garden-in-autumn-ramka-13x18,0,,,deny,manual,16.00,32.00,true,true,,,,,,,,,,,,,,,,,,,,,,https://cdn.jsdelivr.net/gh/reximprimis/posters@main/shopify_thumbs/botanical/Impressionism/Chrysanthemum_Garden_in_Autumn_ramka_thumb.jpg?v=1789622258400,kg,,,,
chrysanthemum-garden-in-autumn,,,,,,,,,White Border,,,21 × 30 cm (A4),,,,,chrysanthemum-garden-in-autumn-ramka-21x30,0,,,deny,manual,26.00,52.00,true,true,,,,,,,,,,,,,,,,,,,,,,https://cdn.jsdelivr.net/gh/reximprimis/posters@main/shopify_thumbs/botanical/Impressionism/Chrysanthemum_Garden_in_Autumn_ramka_thumb.jpg?v=1789622258400,kg,,,,
chrysanthemum-garden-in-autumn,,,,,,,,,White Border,,,30 × 40 cm (Medium),,,,,chrysanthemum-garden-in-autumn-ramka-30x40,0,,,deny,manual,43.00,86.00,true,true,,,,,,,,,,,,,,,,,,,,,,https://cdn.jsdelivr.net/gh/reximprimis/posters@main/shopify_thumbs/botanical/Impressionism/Chrysanthemum_Garden_in_Autumn_ramka_thumb.jpg?v=1789622258400,kg,,,,
chrysanthemum-garden-in-autumn,,,,,,,,,White Border,,,40 × 50 cm (Large),,,,,chrysanthemum-garden-in-autumn-ramka-40x50,0,,,deny,manual,57.00,114.00,true,true,,,,,,,,,,,,,,,,,,,,,,https://cdn.jsdelivr.net/gh/reximprimis/posters@main/shopify_thumbs/botanical/Impressionism/Chrysanthemum_Garden_in_Autumn_ramka_thumb.jpg?v=1789622258400,kg,,,,
chrysanthemum-garden-in-autumn,,,,,,,,,White Border,,,50 × 70 cm (Large),,,,,chrysanthemum-garden-in-autumn-ramka-50x70,0,,,deny,manual,71.00,142.00,true,true,,,,,,,,,,,,,,,,,,,,,,https://cdn.jsdelivr.net/gh/reximprimis/posters@main/shopify_thumbs/botanical/Impressionism/Chrysanthemum_Garden_in_Autumn_ramka_thumb.jpg?v=1789622258400,kg,,,,
