Handle,Title,Body (HTML),Vendor,Product Category,Type,Tags,Published,Option1 Name,Option1 Value,Option1 Linked To,Option2 Name,Option2 Value,Option2 Linked To,Option3 Name,Option3 Value,Option3 Linked To,Variant SKU,Variant Grams,Variant Inventory Tracker,Variant Inventory Qty,Variant Inventory Policy,Variant Fulfillment Service,Variant Price,Variant Compare At Price,Variant Requires Shipping,Variant Taxable,Unit Price Total Measure,Unit Price Total Measure Unit,Unit Price Base Measure,Unit Price Base Measure Unit,Variant Barcode,Image Src,Image Position,Image Alt Text,Gift Card,SEO Title,SEO Description,Materiał ramy dzieła sztuki (product.metafields.shopify.artwork-frame-material),Kolor (product.metafields.shopify.color-pattern),Materiał dekoracyjny (product.metafields.shopify.decoration-material),Obsługiwany format (product.metafields.shopify.format-supported),Styl oprawki (product.metafields.shopify.frame-style),Materiał (product.metafields.shopify.material),Typ mocowania (product.metafields.shopify.mounting-type),Orientacja (product.metafields.shopify.orientation),Kształt (product.metafields.shopify.shape),Motyw (product.metafields.shopify.theme),Variant Image,Variant Weight Unit,Variant Tax Code,Cost per item,Status,Finish (product.metafields.shopify.finish)
lavender-fields-at-sunrise,Lavender Fields at Sunrise,"<p>Awaken to the serene beauty of ""Lavender Fields at Sunrise,"" where soft watercolor washes blend seamlessly to capture the tranquil essence of dawn. This artwork invites you to immerse yourself in a peaceful landscape, where gentle hues of lavender and golden light dance across the horizon, evoking a sense of calm and renewal. Perfect for any space seeking a touch of nature's grace, this piece serves as a soothing reminder of the quiet moments that inspire us.</p>",REXIMPRIMIS,"Home & Garden > Decor > Artwork > Posters, Prints, & Visual Artwork",poster,"poster, category:nature-landscapes, style:watercolor, orientation:portrait, room:living-room, room:bedroom, room:home-office, room:study, size:13x18, size:21x30, size:30x40, size:40x50, size:50x70, collection:new-arrivals",true,Print Style,Full Bleed,,Size,13 × 18 cm (Small),,,,,lavender-fields-at-sunrise-full-13x18,0,,,deny,manual,16.00,32.00,true,true,,,,,,https://cdn.jsdelivr.net/gh/reximprimis/posters@main/shopify_thumbs/nature-landscapes/Watercolor/Lavender_Fields_at_Sunrise_thumb.jpg?v=1789644511513,1,,false,Lavender Fields at Sunrise | REXIMPRIMIS,"Awaken to the serene beauty of ""Lavender Fields at Sunrise,"" where soft watercolor washes blend seamlessly to capture the tranquil essence of dawn. This…",,,,,,,,,,,https://cdn.jsdelivr.net/gh/reximprimis/posters@main/shopify_thumbs/nature-landscapes/Watercolor/Lavender_Fields_at_Sunrise_thumb.jpg?v=1789644511513,kg,,,active,
lavender-fields-at-sunrise,,,,,,,,,Full Bleed,,,21 × 30 cm (A4),,,,,lavender-fields-at-sunrise-full-21x30,0,,,deny,manual,26.00,52.00,true,true,,,,,,https://cdn.jsdelivr.net/gh/reximprimis/posters@main/shopify_thumbs/nature-landscapes/Watercolor/Lavender_Fields_at_Sunrise_ramka_thumb.jpg?v=1789644512321,2,,,,,,,,,,,,,,,https://cdn.jsdelivr.net/gh/reximprimis/posters@main/shopify_thumbs/nature-landscapes/Watercolor/Lavender_Fields_at_Sunrise_ramka_thumb.jpg?v=1789644512321,kg,,,,
lavender-fields-at-sunrise,,,,,,,,,Full Bleed,,,30 × 40 cm (Medium),,,,,lavender-fields-at-sunrise-full-30x40,0,,,deny,manual,43.00,86.00,true,true,,,,,,https://cdn.jsdelivr.net/gh/reximprimis/posters@main/shopify_thumbs/nature-landscapes/Watercolor/Lavender_Fields_at_Sunrise_mockup_frame.jpg?v=1789642072563,3,,,,,,,,,,,,,,,https://cdn.jsdelivr.net/gh/reximprimis/posters@main/shopify_thumbs/nature-landscapes/Watercolor/Lavender_Fields_at_Sunrise_mockup_frame.jpg?v=1789642072563,kg,,,,
lavender-fields-at-sunrise,,,,,,,,,Full Bleed,,,40 × 50 cm (Large),,,,,lavender-fields-at-sunrise-full-40x50,0,,,deny,manual,57.00,114.00,true,true,,,,,,https://cdn.jsdelivr.net/gh/reximprimis/posters@main/shopify_thumbs/nature-landscapes/Watercolor/Lavender_Fields_at_Sunrise_mockup_interior.jpg?v=1789642094470,4,,,,,,,,,,,,,,,https://cdn.jsdelivr.net/gh/reximprimis/posters@main/shopify_thumbs/nature-landscapes/Watercolor/Lavender_Fields_at_Sunrise_mockup_interior.jpg?v=1789642094470,kg,,,,
lavender-fields-at-sunrise,,,,,,,,,Full Bleed,,,50 × 70 cm (Large),,,,,lavender-fields-at-sunrise-full-50x70,0,,,deny,manual,71.00,142.00,true,true,,,,,,,,,,,,,,,,,,,,,,https://cdn.jsdelivr.net/gh/reximprimis/posters@main/shopify_thumbs/nature-landscapes/Watercolor/Lavender_Fields_at_Sunrise_thumb.jpg?v=1789644511513,kg,,,,
lavender-fields-at-sunrise,,,,,,,,,White Border,,,13 × 18 cm (Small),,,,,lavender-fields-at-sunrise-ramka-13x18,0,,,deny,manual,16.00,32.00,true,true,,,,,,,,,,,,,,,,,,,,,,https://cdn.jsdelivr.net/gh/reximprimis/posters@main/shopify_thumbs/nature-landscapes/Watercolor/Lavender_Fields_at_Sunrise_ramka_thumb.jpg?v=1789644512321,kg,,,,
lavender-fields-at-sunrise,,,,,,,,,White Border,,,21 × 30 cm (A4),,,,,lavender-fields-at-sunrise-ramka-21x30,0,,,deny,manual,26.00,52.00,true,true,,,,,,,,,,,,,,,,,,,,,,https://cdn.jsdelivr.net/gh/reximprimis/posters@main/shopify_thumbs/nature-landscapes/Watercolor/Lavender_Fields_at_Sunrise_ramka_thumb.jpg?v=1789644512321,kg,,,,
lavender-fields-at-sunrise,,,,,,,,,White Border,,,30 × 40 cm (Medium),,,,,lavender-fields-at-sunrise-ramka-30x40,0,,,deny,manual,43.00,86.00,true,true,,,,,,,,,,,,,,,,,,,,,,https://cdn.jsdelivr.net/gh/reximprimis/posters@main/shopify_thumbs/nature-landscapes/Watercolor/Lavender_Fields_at_Sunrise_ramka_thumb.jpg?v=1789644512321,kg,,,,
lavender-fields-at-sunrise,,,,,,,,,White Border,,,40 × 50 cm (Large),,,,,lavender-fields-at-sunrise-ramka-40x50,0,,,deny,manual,57.00,114.00,true,true,,,,,,,,,,,,,,,,,,,,,,https://cdn.jsdelivr.net/gh/reximprimis/posters@main/shopify_thumbs/nature-landscapes/Watercolor/Lavender_Fields_at_Sunrise_ramka_thumb.jpg?v=1789644512321,kg,,,,
lavender-fields-at-sunrise,,,,,,,,,White Border,,,50 × 70 cm (Large),,,,,lavender-fields-at-sunrise-ramka-50x70,0,,,deny,manual,71.00,142.00,true,true,,,,,,,,,,,,,,,,,,,,,,https://cdn.jsdelivr.net/gh/reximprimis/posters@main/shopify_thumbs/nature-landscapes/Watercolor/Lavender_Fields_at_Sunrise_ramka_thumb.jpg?v=1789644512321,kg,,,,
foggy-pine-forest,Foggy Pine Forest,"<p>Embrace the serene beauty of a foggy pine forest with this exquisite watercolor artwork. Soft washes of color create a tranquil atmosphere, allowing the gentle mist to envelop the trees in a calming embrace. This piece invites you to escape into nature's quiet moments, making it a perfect addition to any space seeking a touch of peace and elegance.</p>",REXIMPRIMIS,"Home & Garden > Decor > Artwork > Posters, Prints, & Visual Artwork",poster,"poster, category:nature-landscapes, style:watercolor, orientation:portrait, room:living-room, room:bedroom, room:home-office, room:study, size:13x18, size:21x30, size:30x40, size:40x50, size:50x70, collection:new-arrivals",true,Print Style,Full Bleed,,Size,13 × 18 cm (Small),,,,,foggy-pine-forest-full-13x18,0,,,deny,manual,16.00,32.00,true,true,,,,,,https://cdn.jsdelivr.net/gh/reximprimis/posters@main/shopify_thumbs/nature-landscapes/Watercolor/Foggy_Pine_Forest_thumb.jpg?v=1789644512919,1,,false,Foggy Pine Forest | REXIMPRIMIS,"Embrace the serene beauty of a foggy pine forest with this exquisite watercolor artwork. Soft washes of color create a tranquil atmosphere, allowing the gentle…",,,,,,,,,,,https://cdn.jsdelivr.net/gh/reximprimis/posters@main/shopify_thumbs/nature-landscapes/Watercolor/Foggy_Pine_Forest_thumb.jpg?v=1789644512919,kg,,,active,
foggy-pine-forest,,,,,,,,,Full Bleed,,,21 × 30 cm (A4),,,,,foggy-pine-forest-full-21x30,0,,,deny,manual,26.00,52.00,true,true,,,,,,https://cdn.jsdelivr.net/gh/reximprimis/posters@main/shopify_thumbs/nature-landscapes/Watercolor/Foggy_Pine_Forest_ramka_thumb.jpg?v=1789644513643,2,,,,,,,,,,,,,,,https://cdn.jsdelivr.net/gh/reximprimis/posters@main/shopify_thumbs/nature-landscapes/Watercolor/Foggy_Pine_Forest_ramka_thumb.jpg?v=1789644513643,kg,,,,
foggy-pine-forest,,,,,,,,,Full Bleed,,,30 × 40 cm (Medium),,,,,foggy-pine-forest-full-30x40,0,,,deny,manual,43.00,86.00,true,true,,,,,,https://cdn.jsdelivr.net/gh/reximprimis/posters@main/shopify_thumbs/nature-landscapes/Watercolor/Foggy_Pine_Forest_mockup_frame.jpg?v=1789642114038,3,,,,,,,,,,,,,,,https://cdn.jsdelivr.net/gh/reximprimis/posters@main/shopify_thumbs/nature-landscapes/Watercolor/Foggy_Pine_Forest_mockup_frame.jpg?v=1789642114038,kg,,,,
foggy-pine-forest,,,,,,,,,Full Bleed,,,40 × 50 cm (Large),,,,,foggy-pine-forest-full-40x50,0,,,deny,manual,57.00,114.00,true,true,,,,,,https://cdn.jsdelivr.net/gh/reximprimis/posters@main/shopify_thumbs/nature-landscapes/Watercolor/Foggy_Pine_Forest_mockup_interior.jpg?v=1789642137343,4,,,,,,,,,,,,,,,https://cdn.jsdelivr.net/gh/reximprimis/posters@main/shopify_thumbs/nature-landscapes/Watercolor/Foggy_Pine_Forest_mockup_interior.jpg?v=1789642137343,kg,,,,
foggy-pine-forest,,,,,,,,,Full Bleed,,,50 × 70 cm (Large),,,,,foggy-pine-forest-full-50x70,0,,,deny,manual,71.00,142.00,true,true,,,,,,,,,,,,,,,,,,,,,,https://cdn.jsdelivr.net/gh/reximprimis/posters@main/shopify_thumbs/nature-landscapes/Watercolor/Foggy_Pine_Forest_thumb.jpg?v=1789644512919,kg,,,,
foggy-pine-forest,,,,,,,,,White Border,,,13 × 18 cm (Small),,,,,foggy-pine-forest-ramka-13x18,0,,,deny,manual,16.00,32.00,true,true,,,,,,,,,,,,,,,,,,,,,,https://cdn.jsdelivr.net/gh/reximprimis/posters@main/shopify_thumbs/nature-landscapes/Watercolor/Foggy_Pine_Forest_ramka_thumb.jpg?v=1789644513643,kg,,,,
foggy-pine-forest,,,,,,,,,White Border,,,21 × 30 cm (A4),,,,,foggy-pine-forest-ramka-21x30,0,,,deny,manual,26.00,52.00,true,true,,,,,,,,,,,,,,,,,,,,,,https://cdn.jsdelivr.net/gh/reximprimis/posters@main/shopify_thumbs/nature-landscapes/Watercolor/Foggy_Pine_Forest_ramka_thumb.jpg?v=1789644513643,kg,,,,
foggy-pine-forest,,,,,,,,,White Border,,,30 × 40 cm (Medium),,,,,foggy-pine-forest-ramka-30x40,0,,,deny,manual,43.00,86.00,true,true,,,,,,,,,,,,,,,,,,,,,,https://cdn.jsdelivr.net/gh/reximprimis/posters@main/shopify_thumbs/nature-landscapes/Watercolor/Foggy_Pine_Forest_ramka_thumb.jpg?v=1789644513643,kg,,,,
foggy-pine-forest,,,,,,,,,White Border,,,40 × 50 cm (Large),,,,,foggy-pine-forest-ramka-40x50,0,,,deny,manual,57.00,114.00,true,true,,,,,,,,,,,,,,,,,,,,,,https://cdn.jsdelivr.net/gh/reximprimis/posters@main/shopify_thumbs/nature-landscapes/Watercolor/Foggy_Pine_Forest_ramka_thumb.jpg?v=1789644513643,kg,,,,
foggy-pine-forest,,,,,,,,,White Border,,,50 × 70 cm (Large),,,,,foggy-pine-forest-ramka-50x70,0,,,deny,manual,71.00,142.00,true,true,,,,,,,,,,,,,,,,,,,,,,https://cdn.jsdelivr.net/gh/reximprimis/posters@main/shopify_thumbs/nature-landscapes/Watercolor/Foggy_Pine_Forest_ramka_thumb.jpg?v=1789644513643,kg,,,,
wild-peonies-in-a-vase,Wild Peonies in a Vase,"<p>Embrace the serene beauty of nature with ""Wild Peonies in a Vase,"" an exquisite watercolor artwork that captures the delicate elegance of these blooms. The soft, transparent color washes and gentle layering evoke a tranquil atmosphere, inviting a sense of calm into your space. This piece harmoniously blends with its background, creating a cohesive and refined visual experience that feels both timeless and intimate.</p>",REXIMPRIMIS,"Home & Garden > Decor > Artwork > Posters, Prints, & Visual Artwork",poster,"poster, category:botanical, style:watercolor, orientation:portrait, room:living-room, room:bedroom, room:bathroom, room:home-office, room:dining-room, room:kitchen, room:kids-room, size:13x18, size:21x30, size:30x40, size:40x50, size:50x70, collection:new-arrivals",true,Print Style,Full Bleed,,Size,13 × 18 cm (Small),,,,,wild-peonies-in-a-vase-full-13x18,0,,,deny,manual,16.00,32.00,true,true,,,,,,https://cdn.jsdelivr.net/gh/reximprimis/posters@main/shopify_thumbs/botanical/Watercolor/Wild_Peonies_in_a_Vase_thumb.jpg?v=1789644514232,1,,false,Wild Peonies in a Vase | REXIMPRIMIS,"Embrace the serene beauty of nature with ""Wild Peonies in a Vase,"" an exquisite watercolor artwork that captures the delicate elegance of these blooms. The…",,,,,,,,,,,https://cdn.jsdelivr.net/gh/reximprimis/posters@main/shopify_thumbs/botanical/Watercolor/Wild_Peonies_in_a_Vase_thumb.jpg?v=1789644514232,kg,,,active,
wild-peonies-in-a-vase,,,,,,,,,Full Bleed,,,21 × 30 cm (A4),,,,,wild-peonies-in-a-vase-full-21x30,0,,,deny,manual,26.00,52.00,true,true,,,,,,https://cdn.jsdelivr.net/gh/reximprimis/posters@main/shopify_thumbs/botanical/Watercolor/Wild_Peonies_in_a_Vase_ramka_thumb.jpg?v=1789644515009,2,,,,,,,,,,,,,,,https://cdn.jsdelivr.net/gh/reximprimis/posters@main/shopify_thumbs/botanical/Watercolor/Wild_Peonies_in_a_Vase_ramka_thumb.jpg?v=1789644515009,kg,,,,
wild-peonies-in-a-vase,,,,,,,,,Full Bleed,,,30 × 40 cm (Medium),,,,,wild-peonies-in-a-vase-full-30x40,0,,,deny,manual,43.00,86.00,true,true,,,,,,https://cdn.jsdelivr.net/gh/reximprimis/posters@main/shopify_thumbs/botanical/Watercolor/Wild_Peonies_in_a_Vase_mockup_frame.jpg?v=1789642266228,3,,,,,,,,,,,,,,,https://cdn.jsdelivr.net/gh/reximprimis/posters@main/shopify_thumbs/botanical/Watercolor/Wild_Peonies_in_a_Vase_mockup_frame.jpg?v=1789642266228,kg,,,,
wild-peonies-in-a-vase,,,,,,,,,Full Bleed,,,40 × 50 cm (Large),,,,,wild-peonies-in-a-vase-full-40x50,0,,,deny,manual,57.00,114.00,true,true,,,,,,https://cdn.jsdelivr.net/gh/reximprimis/posters@main/shopify_thumbs/botanical/Watercolor/Wild_Peonies_in_a_Vase_mockup_interior.jpg?v=1789642284593,4,,,,,,,,,,,,,,,https://cdn.jsdelivr.net/gh/reximprimis/posters@main/shopify_thumbs/botanical/Watercolor/Wild_Peonies_in_a_Vase_mockup_interior.jpg?v=1789642284593,kg,,,,
wild-peonies-in-a-vase,,,,,,,,,Full Bleed,,,50 × 70 cm (Large),,,,,wild-peonies-in-a-vase-full-50x70,0,,,deny,manual,71.00,142.00,true,true,,,,,,,,,,,,,,,,,,,,,,https://cdn.jsdelivr.net/gh/reximprimis/posters@main/shopify_thumbs/botanical/Watercolor/Wild_Peonies_in_a_Vase_thumb.jpg?v=1789644514232,kg,,,,
wild-peonies-in-a-vase,,,,,,,,,White Border,,,13 × 18 cm (Small),,,,,wild-peonies-in-a-vase-ramka-13x18,0,,,deny,manual,16.00,32.00,true,true,,,,,,,,,,,,,,,,,,,,,,https://cdn.jsdelivr.net/gh/reximprimis/posters@main/shopify_thumbs/botanical/Watercolor/Wild_Peonies_in_a_Vase_ramka_thumb.jpg?v=1789644515009,kg,,,,
wild-peonies-in-a-vase,,,,,,,,,White Border,,,21 × 30 cm (A4),,,,,wild-peonies-in-a-vase-ramka-21x30,0,,,deny,manual,26.00,52.00,true,true,,,,,,,,,,,,,,,,,,,,,,https://cdn.jsdelivr.net/gh/reximprimis/posters@main/shopify_thumbs/botanical/Watercolor/Wild_Peonies_in_a_Vase_ramka_thumb.jpg?v=1789644515009,kg,,,,
wild-peonies-in-a-vase,,,,,,,,,White Border,,,30 × 40 cm (Medium),,,,,wild-peonies-in-a-vase-ramka-30x40,0,,,deny,manual,43.00,86.00,true,true,,,,,,,,,,,,,,,,,,,,,,https://cdn.jsdelivr.net/gh/reximprimis/posters@main/shopify_thumbs/botanical/Watercolor/Wild_Peonies_in_a_Vase_ramka_thumb.jpg?v=1789644515009,kg,,,,
wild-peonies-in-a-vase,,,,,,,,,White Border,,,40 × 50 cm (Large),,,,,wild-peonies-in-a-vase-ramka-40x50,0,,,deny,manual,57.00,114.00,true,true,,,,,,,,,,,,,,,,,,,,,,https://cdn.jsdelivr.net/gh/reximprimis/posters@main/shopify_thumbs/botanical/Watercolor/Wild_Peonies_in_a_Vase_ramka_thumb.jpg?v=1789644515009,kg,,,,
wild-peonies-in-a-vase,,,,,,,,,White Border,,,50 × 70 cm (Large),,,,,wild-peonies-in-a-vase-ramka-50x70,0,,,deny,manual,71.00,142.00,true,true,,,,,,,,,,,,,,,,,,,,,,https://cdn.jsdelivr.net/gh/reximprimis/posters@main/shopify_thumbs/botanical/Watercolor/Wild_Peonies_in_a_Vase_ramka_thumb.jpg?v=1789644515009,kg,,,,
blooming-cherry-branch,Blooming Cherry Branch,"<p>The ""Blooming Cherry Branch"" poster captures the serene beauty of nature through delicate watercolor strokes, showcasing a graceful branch adorned with soft pink blossoms. With its gentle color palette and organic composition, this artwork evokes a sense of tranquility and renewal, making it a perfect addition to any space that seeks to inspire calm and reflection. The ethereal quality of the painting invites viewers to appreciate the fleeting beauty of springtime, transforming your wall into a peaceful sanctuary.</p>",REXIMPRIMIS,"Home & Garden > Decor > Artwork > Posters, Prints, & Visual Artwork",poster,"poster, category:botanical, style:watercolor, orientation:portrait, room:living-room, room:bedroom, room:bathroom, room:home-office, room:dining-room, room:kitchen, room:kids-room, size:13x18, size:21x30, size:30x40, size:40x50, size:50x70, collection:new-arrivals",true,Print Style,Full Bleed,,Size,13 × 18 cm (Small),,,,,blooming-cherry-branch-full-13x18,0,,,deny,manual,16.00,32.00,true,true,,,,,,https://cdn.jsdelivr.net/gh/reximprimis/posters@main/shopify_thumbs/botanical/Watercolor/Blooming_Cherry_Branch_thumb.jpg?v=1789644515560,1,,false,Blooming Cherry Branch | REXIMPRIMIS,"The ""Blooming Cherry Branch"" poster captures the serene beauty of nature through delicate watercolor strokes, showcasing a graceful branch adorned with soft…",,,,,,,,,,,https://cdn.jsdelivr.net/gh/reximprimis/posters@main/shopify_thumbs/botanical/Watercolor/Blooming_Cherry_Branch_thumb.jpg?v=1789644515560,kg,,,active,
blooming-cherry-branch,,,,,,,,,Full Bleed,,,21 × 30 cm (A4),,,,,blooming-cherry-branch-full-21x30,0,,,deny,manual,26.00,52.00,true,true,,,,,,https://cdn.jsdelivr.net/gh/reximprimis/posters@main/shopify_thumbs/botanical/Watercolor/Blooming_Cherry_Branch_ramka_thumb.jpg?v=1789644516263,2,,,,,,,,,,,,,,,https://cdn.jsdelivr.net/gh/reximprimis/posters@main/shopify_thumbs/botanical/Watercolor/Blooming_Cherry_Branch_ramka_thumb.jpg?v=1789644516263,kg,,,,
blooming-cherry-branch,,,,,,,,,Full Bleed,,,30 × 40 cm (Medium),,,,,blooming-cherry-branch-full-30x40,0,,,deny,manual,43.00,86.00,true,true,,,,,,https://cdn.jsdelivr.net/gh/reximprimis/posters@main/shopify_thumbs/botanical/Watercolor/Blooming_Cherry_Branch_mockup_frame.jpg?v=1789642301800,3,,,,,,,,,,,,,,,https://cdn.jsdelivr.net/gh/reximprimis/posters@main/shopify_thumbs/botanical/Watercolor/Blooming_Cherry_Branch_mockup_frame.jpg?v=1789642301800,kg,,,,
blooming-cherry-branch,,,,,,,,,Full Bleed,,,40 × 50 cm (Large),,,,,blooming-cherry-branch-full-40x50,0,,,deny,manual,57.00,114.00,true,true,,,,,,https://cdn.jsdelivr.net/gh/reximprimis/posters@main/shopify_thumbs/botanical/Watercolor/Blooming_Cherry_Branch_mockup_interior.jpg?v=1789642320579,4,,,,,,,,,,,,,,,https://cdn.jsdelivr.net/gh/reximprimis/posters@main/shopify_thumbs/botanical/Watercolor/Blooming_Cherry_Branch_mockup_interior.jpg?v=1789642320579,kg,,,,
blooming-cherry-branch,,,,,,,,,Full Bleed,,,50 × 70 cm (Large),,,,,blooming-cherry-branch-full-50x70,0,,,deny,manual,71.00,142.00,true,true,,,,,,,,,,,,,,,,,,,,,,https://cdn.jsdelivr.net/gh/reximprimis/posters@main/shopify_thumbs/botanical/Watercolor/Blooming_Cherry_Branch_thumb.jpg?v=1789644515560,kg,,,,
blooming-cherry-branch,,,,,,,,,White Border,,,13 × 18 cm (Small),,,,,blooming-cherry-branch-ramka-13x18,0,,,deny,manual,16.00,32.00,true,true,,,,,,,,,,,,,,,,,,,,,,https://cdn.jsdelivr.net/gh/reximprimis/posters@main/shopify_thumbs/botanical/Watercolor/Blooming_Cherry_Branch_ramka_thumb.jpg?v=1789644516263,kg,,,,
blooming-cherry-branch,,,,,,,,,White Border,,,21 × 30 cm (A4),,,,,blooming-cherry-branch-ramka-21x30,0,,,deny,manual,26.00,52.00,true,true,,,,,,,,,,,,,,,,,,,,,,https://cdn.jsdelivr.net/gh/reximprimis/posters@main/shopify_thumbs/botanical/Watercolor/Blooming_Cherry_Branch_ramka_thumb.jpg?v=1789644516263,kg,,,,
blooming-cherry-branch,,,,,,,,,White Border,,,30 × 40 cm (Medium),,,,,blooming-cherry-branch-ramka-30x40,0,,,deny,manual,43.00,86.00,true,true,,,,,,,,,,,,,,,,,,,,,,https://cdn.jsdelivr.net/gh/reximprimis/posters@main/shopify_thumbs/botanical/Watercolor/Blooming_Cherry_Branch_ramka_thumb.jpg?v=1789644516263,kg,,,,
blooming-cherry-branch,,,,,,,,,White Border,,,40 × 50 cm (Large),,,,,blooming-cherry-branch-ramka-40x50,0,,,deny,manual,57.00,114.00,true,true,,,,,,,,,,,,,,,,,,,,,,https://cdn.jsdelivr.net/gh/reximprimis/posters@main/shopify_thumbs/botanical/Watercolor/Blooming_Cherry_Branch_ramka_thumb.jpg?v=1789644516263,kg,,,,
blooming-cherry-branch,,,,,,,,,White Border,,,50 × 70 cm (Large),,,,,blooming-cherry-branch-ramka-50x70,0,,,deny,manual,71.00,142.00,true,true,,,,,,,,,,,,,,,,,,,,,,https://cdn.jsdelivr.net/gh/reximprimis/posters@main/shopify_thumbs/botanical/Watercolor/Blooming_Cherry_Branch_ramka_thumb.jpg?v=1789644516263,kg,,,,
gentle-waves-at-low-tide,Gentle Waves at Low Tide,"<p>Experience the serene beauty of ""Gentle Waves at Low Tide,"" where soft watercolor washes capture the delicate interplay of sea and sky. This tranquil seascape invites you to immerse yourself in the calming rhythm of gentle waves lapping against the shore, evoking a sense of peaceful solitude. With its elegant composition and soothing palette, this artwork brings a touch of coastal serenity to any space.</p>",REXIMPRIMIS,"Home & Garden > Decor > Artwork > Posters, Prints, & Visual Artwork",poster,"poster, category:sea-coast, style:watercolor, orientation:portrait, room:living-room, room:bedroom, room:bathroom, room:home-office, size:13x18, size:21x30, size:30x40, size:40x50, size:50x70, collection:new-arrivals",true,Print Style,Full Bleed,,Size,13 × 18 cm (Small),,,,,gentle-waves-at-low-tide-full-13x18,0,,,deny,manual,16.00,32.00,true,true,,,,,,https://cdn.jsdelivr.net/gh/reximprimis/posters@main/shopify_thumbs/sea-coast/Watercolor/Gentle_Waves_at_Low_Tide_thumb.jpg?v=1789644516851,1,,false,Gentle Waves at Low Tide | REXIMPRIMIS,"Experience the serene beauty of ""Gentle Waves at Low Tide,"" where soft watercolor washes capture the delicate interplay of sea and sky. This tranquil seascape…",,,,,,,,,,,https://cdn.jsdelivr.net/gh/reximprimis/posters@main/shopify_thumbs/sea-coast/Watercolor/Gentle_Waves_at_Low_Tide_thumb.jpg?v=1789644516851,kg,,,active,
gentle-waves-at-low-tide,,,,,,,,,Full Bleed,,,21 × 30 cm (A4),,,,,gentle-waves-at-low-tide-full-21x30,0,,,deny,manual,26.00,52.00,true,true,,,,,,https://cdn.jsdelivr.net/gh/reximprimis/posters@main/shopify_thumbs/sea-coast/Watercolor/Gentle_Waves_at_Low_Tide_ramka_thumb.jpg?v=1789644517651,2,,,,,,,,,,,,,,,https://cdn.jsdelivr.net/gh/reximprimis/posters@main/shopify_thumbs/sea-coast/Watercolor/Gentle_Waves_at_Low_Tide_ramka_thumb.jpg?v=1789644517651,kg,,,,
gentle-waves-at-low-tide,,,,,,,,,Full Bleed,,,30 × 40 cm (Medium),,,,,gentle-waves-at-low-tide-full-30x40,0,,,deny,manual,43.00,86.00,true,true,,,,,,https://cdn.jsdelivr.net/gh/reximprimis/posters@main/shopify_thumbs/sea-coast/Watercolor/Gentle_Waves_at_Low_Tide_mockup_frame.jpg?v=1789642483899,3,,,,,,,,,,,,,,,https://cdn.jsdelivr.net/gh/reximprimis/posters@main/shopify_thumbs/sea-coast/Watercolor/Gentle_Waves_at_Low_Tide_mockup_frame.jpg?v=1789642483899,kg,,,,
gentle-waves-at-low-tide,,,,,,,,,Full Bleed,,,40 × 50 cm (Large),,,,,gentle-waves-at-low-tide-full-40x50,0,,,deny,manual,57.00,114.00,true,true,,,,,,https://cdn.jsdelivr.net/gh/reximprimis/posters@main/shopify_thumbs/sea-coast/Watercolor/Gentle_Waves_at_Low_Tide_mockup_interior.jpg?v=1789642502897,4,,,,,,,,,,,,,,,https://cdn.jsdelivr.net/gh/reximprimis/posters@main/shopify_thumbs/sea-coast/Watercolor/Gentle_Waves_at_Low_Tide_mockup_interior.jpg?v=1789642502897,kg,,,,
gentle-waves-at-low-tide,,,,,,,,,Full Bleed,,,50 × 70 cm (Large),,,,,gentle-waves-at-low-tide-full-50x70,0,,,deny,manual,71.00,142.00,true,true,,,,,,,,,,,,,,,,,,,,,,https://cdn.jsdelivr.net/gh/reximprimis/posters@main/shopify_thumbs/sea-coast/Watercolor/Gentle_Waves_at_Low_Tide_thumb.jpg?v=1789644516851,kg,,,,
gentle-waves-at-low-tide,,,,,,,,,White Border,,,13 × 18 cm (Small),,,,,gentle-waves-at-low-tide-ramka-13x18,0,,,deny,manual,16.00,32.00,true,true,,,,,,,,,,,,,,,,,,,,,,https://cdn.jsdelivr.net/gh/reximprimis/posters@main/shopify_thumbs/sea-coast/Watercolor/Gentle_Waves_at_Low_Tide_ramka_thumb.jpg?v=1789644517651,kg,,,,
gentle-waves-at-low-tide,,,,,,,,,White Border,,,21 × 30 cm (A4),,,,,gentle-waves-at-low-tide-ramka-21x30,0,,,deny,manual,26.00,52.00,true,true,,,,,,,,,,,,,,,,,,,,,,https://cdn.jsdelivr.net/gh/reximprimis/posters@main/shopify_thumbs/sea-coast/Watercolor/Gentle_Waves_at_Low_Tide_ramka_thumb.jpg?v=1789644517651,kg,,,,
gentle-waves-at-low-tide,,,,,,,,,White Border,,,30 × 40 cm (Medium),,,,,gentle-waves-at-low-tide-ramka-30x40,0,,,deny,manual,43.00,86.00,true,true,,,,,,,,,,,,,,,,,,,,,,https://cdn.jsdelivr.net/gh/reximprimis/posters@main/shopify_thumbs/sea-coast/Watercolor/Gentle_Waves_at_Low_Tide_ramka_thumb.jpg?v=1789644517651,kg,,,,
gentle-waves-at-low-tide,,,,,,,,,White Border,,,40 × 50 cm (Large),,,,,gentle-waves-at-low-tide-ramka-40x50,0,,,deny,manual,57.00,114.00,true,true,,,,,,,,,,,,,,,,,,,,,,https://cdn.jsdelivr.net/gh/reximprimis/posters@main/shopify_thumbs/sea-coast/Watercolor/Gentle_Waves_at_Low_Tide_ramka_thumb.jpg?v=1789644517651,kg,,,,
gentle-waves-at-low-tide,,,,,,,,,White Border,,,50 × 70 cm (Large),,,,,gentle-waves-at-low-tide-ramka-50x70,0,,,deny,manual,71.00,142.00,true,true,,,,,,,,,,,,,,,,,,,,,,https://cdn.jsdelivr.net/gh/reximprimis/posters@main/shopify_thumbs/sea-coast/Watercolor/Gentle_Waves_at_Low_Tide_ramka_thumb.jpg?v=1789644517651,kg,,,,
rocky-cove-at-sunset,Rocky Cove at Sunset,"<p>Experience the tranquil beauty of ""Rocky Cove at Sunset,"" where gentle watercolor washes blend seamlessly to capture the serene meeting of sea and sky. This artwork evokes a calm editorial mood, inviting you to immerse yourself in the soft hues and painterly waves that define this idyllic coastal landscape. Perfect for bringing a sense of peace and sophistication to any space, this piece encapsulates a fleeting moment of natural beauty.</p>",REXIMPRIMIS,"Home & Garden > Decor > Artwork > Posters, Prints, & Visual Artwork",poster,"poster, category:sea-coast, style:watercolor, orientation:portrait, room:living-room, room:bedroom, room:bathroom, room:home-office, size:13x18, size:21x30, size:30x40, size:40x50, size:50x70, collection:new-arrivals",true,Print Style,Full Bleed,,Size,13 × 18 cm (Small),,,,,rocky-cove-at-sunset-full-13x18,0,,,deny,manual,16.00,32.00,true,true,,,,,,https://cdn.jsdelivr.net/gh/reximprimis/posters@main/shopify_thumbs/sea-coast/Watercolor/Rocky_Cove_at_Sunset_thumb.jpg?v=1789644518346,1,,false,Rocky Cove at Sunset | REXIMPRIMIS,"Experience the tranquil beauty of ""Rocky Cove at Sunset,"" where gentle watercolor washes blend seamlessly to capture the serene meeting of sea and sky. This…",,,,,,,,,,,https://cdn.jsdelivr.net/gh/reximprimis/posters@main/shopify_thumbs/sea-coast/Watercolor/Rocky_Cove_at_Sunset_thumb.jpg?v=1789644518346,kg,,,active,
rocky-cove-at-sunset,,,,,,,,,Full Bleed,,,21 × 30 cm (A4),,,,,rocky-cove-at-sunset-full-21x30,0,,,deny,manual,26.00,52.00,true,true,,,,,,https://cdn.jsdelivr.net/gh/reximprimis/posters@main/shopify_thumbs/sea-coast/Watercolor/Rocky_Cove_at_Sunset_ramka_thumb.jpg?v=1789644519206,2,,,,,,,,,,,,,,,https://cdn.jsdelivr.net/gh/reximprimis/posters@main/shopify_thumbs/sea-coast/Watercolor/Rocky_Cove_at_Sunset_ramka_thumb.jpg?v=1789644519206,kg,,,,
rocky-cove-at-sunset,,,,,,,,,Full Bleed,,,30 × 40 cm (Medium),,,,,rocky-cove-at-sunset-full-30x40,0,,,deny,manual,43.00,86.00,true,true,,,,,,https://cdn.jsdelivr.net/gh/reximprimis/posters@main/shopify_thumbs/sea-coast/Watercolor/Rocky_Cove_at_Sunset_mockup_frame.jpg?v=1789642520007,3,,,,,,,,,,,,,,,https://cdn.jsdelivr.net/gh/reximprimis/posters@main/shopify_thumbs/sea-coast/Watercolor/Rocky_Cove_at_Sunset_mockup_frame.jpg?v=1789642520007,kg,,,,
rocky-cove-at-sunset,,,,,,,,,Full Bleed,,,40 × 50 cm (Large),,,,,rocky-cove-at-sunset-full-40x50,0,,,deny,manual,57.00,114.00,true,true,,,,,,https://cdn.jsdelivr.net/gh/reximprimis/posters@main/shopify_thumbs/sea-coast/Watercolor/Rocky_Cove_at_Sunset_mockup_interior.jpg?v=1789642546690,4,,,,,,,,,,,,,,,https://cdn.jsdelivr.net/gh/reximprimis/posters@main/shopify_thumbs/sea-coast/Watercolor/Rocky_Cove_at_Sunset_mockup_interior.jpg?v=1789642546690,kg,,,,
rocky-cove-at-sunset,,,,,,,,,Full Bleed,,,50 × 70 cm (Large),,,,,rocky-cove-at-sunset-full-50x70,0,,,deny,manual,71.00,142.00,true,true,,,,,,,,,,,,,,,,,,,,,,https://cdn.jsdelivr.net/gh/reximprimis/posters@main/shopify_thumbs/sea-coast/Watercolor/Rocky_Cove_at_Sunset_thumb.jpg?v=1789644518346,kg,,,,
rocky-cove-at-sunset,,,,,,,,,White Border,,,13 × 18 cm (Small),,,,,rocky-cove-at-sunset-ramka-13x18,0,,,deny,manual,16.00,32.00,true,true,,,,,,,,,,,,,,,,,,,,,,https://cdn.jsdelivr.net/gh/reximprimis/posters@main/shopify_thumbs/sea-coast/Watercolor/Rocky_Cove_at_Sunset_ramka_thumb.jpg?v=1789644519206,kg,,,,
rocky-cove-at-sunset,,,,,,,,,White Border,,,21 × 30 cm (A4),,,,,rocky-cove-at-sunset-ramka-21x30,0,,,deny,manual,26.00,52.00,true,true,,,,,,,,,,,,,,,,,,,,,,https://cdn.jsdelivr.net/gh/reximprimis/posters@main/shopify_thumbs/sea-coast/Watercolor/Rocky_Cove_at_Sunset_ramka_thumb.jpg?v=1789644519206,kg,,,,
rocky-cove-at-sunset,,,,,,,,,White Border,,,30 × 40 cm (Medium),,,,,rocky-cove-at-sunset-ramka-30x40,0,,,deny,manual,43.00,86.00,true,true,,,,,,,,,,,,,,,,,,,,,,https://cdn.jsdelivr.net/gh/reximprimis/posters@main/shopify_thumbs/sea-coast/Watercolor/Rocky_Cove_at_Sunset_ramka_thumb.jpg?v=1789644519206,kg,,,,
rocky-cove-at-sunset,,,,,,,,,White Border,,,40 × 50 cm (Large),,,,,rocky-cove-at-sunset-ramka-40x50,0,,,deny,manual,57.00,114.00,true,true,,,,,,,,,,,,,,,,,,,,,,https://cdn.jsdelivr.net/gh/reximprimis/posters@main/shopify_thumbs/sea-coast/Watercolor/Rocky_Cove_at_Sunset_ramka_thumb.jpg?v=1789644519206,kg,,,,
rocky-cove-at-sunset,,,,,,,,,White Border,,,50 × 70 cm (Large),,,,,rocky-cove-at-sunset-ramka-50x70,0,,,deny,manual,71.00,142.00,true,true,,,,,,,,,,,,,,,,,,,,,,https://cdn.jsdelivr.net/gh/reximprimis/posters@main/shopify_thumbs/sea-coast/Watercolor/Rocky_Cove_at_Sunset_ramka_thumb.jpg?v=1789644519206,kg,,,,
sleepy-fox-in-the-meadow,Sleepy Fox in the Meadow,"<p>Embrace the serene charm of ""Sleepy Fox in the Meadow,"" a delicate watercolor painting that captures the gentle essence of a resting fox nestled in a tranquil meadow. With soft washes of earthy tones and a painterly style, this artwork invites a calm, soothing atmosphere into any nursery, celebrating the beauty of nature in its most peaceful form. Perfectly suited for a cozy space, it evokes a sense of wonder and tranquility, making it an ideal addition to your child's environment.</p>",REXIMPRIMIS,"Home & Garden > Decor > Artwork > Posters, Prints, & Visual Artwork",poster,"poster, category:kids-nursery, style:watercolor, orientation:portrait, room:kids-room, size:13x18, size:21x30, size:30x40, size:40x50, size:50x70, collection:new-arrivals",true,Print Style,Full Bleed,,Size,13 × 18 cm (Small),,,,,sleepy-fox-in-the-meadow-full-13x18,0,,,deny,manual,16.00,32.00,true,true,,,,,,https://cdn.jsdelivr.net/gh/reximprimis/posters@main/shopify_thumbs/kids-nursery/Watercolor/Sleepy_Fox_in_the_Meadow_thumb.jpg?v=1789644519774,1,,false,Sleepy Fox in the Meadow | REXIMPRIMIS,"Embrace the serene charm of ""Sleepy Fox in the Meadow,"" a delicate watercolor painting that captures the gentle essence of a resting fox nestled in a tranquil…",,,,,,,,,,,https://cdn.jsdelivr.net/gh/reximprimis/posters@main/shopify_thumbs/kids-nursery/Watercolor/Sleepy_Fox_in_the_Meadow_thumb.jpg?v=1789644519774,kg,,,active,
sleepy-fox-in-the-meadow,,,,,,,,,Full Bleed,,,21 × 30 cm (A4),,,,,sleepy-fox-in-the-meadow-full-21x30,0,,,deny,manual,26.00,52.00,true,true,,,,,,https://cdn.jsdelivr.net/gh/reximprimis/posters@main/shopify_thumbs/kids-nursery/Watercolor/Sleepy_Fox_in_the_Meadow_ramka_thumb.jpg?v=1789644520475,2,,,,,,,,,,,,,,,https://cdn.jsdelivr.net/gh/reximprimis/posters@main/shopify_thumbs/kids-nursery/Watercolor/Sleepy_Fox_in_the_Meadow_ramka_thumb.jpg?v=1789644520475,kg,,,,
sleepy-fox-in-the-meadow,,,,,,,,,Full Bleed,,,30 × 40 cm (Medium),,,,,sleepy-fox-in-the-meadow-full-30x40,0,,,deny,manual,43.00,86.00,true,true,,,,,,https://cdn.jsdelivr.net/gh/reximprimis/posters@main/shopify_thumbs/kids-nursery/Watercolor/Sleepy_Fox_in_the_Meadow_mockup_frame.jpg?v=1789642606432,3,,,,,,,,,,,,,,,https://cdn.jsdelivr.net/gh/reximprimis/posters@main/shopify_thumbs/kids-nursery/Watercolor/Sleepy_Fox_in_the_Meadow_mockup_frame.jpg?v=1789642606432,kg,,,,
sleepy-fox-in-the-meadow,,,,,,,,,Full Bleed,,,40 × 50 cm (Large),,,,,sleepy-fox-in-the-meadow-full-40x50,0,,,deny,manual,57.00,114.00,true,true,,,,,,https://cdn.jsdelivr.net/gh/reximprimis/posters@main/shopify_thumbs/kids-nursery/Watercolor/Sleepy_Fox_in_the_Meadow_mockup_interior.jpg?v=1789642622677,4,,,,,,,,,,,,,,,https://cdn.jsdelivr.net/gh/reximprimis/posters@main/shopify_thumbs/kids-nursery/Watercolor/Sleepy_Fox_in_the_Meadow_mockup_interior.jpg?v=1789642622677,kg,,,,
sleepy-fox-in-the-meadow,,,,,,,,,Full Bleed,,,50 × 70 cm (Large),,,,,sleepy-fox-in-the-meadow-full-50x70,0,,,deny,manual,71.00,142.00,true,true,,,,,,,,,,,,,,,,,,,,,,https://cdn.jsdelivr.net/gh/reximprimis/posters@main/shopify_thumbs/kids-nursery/Watercolor/Sleepy_Fox_in_the_Meadow_thumb.jpg?v=1789644519774,kg,,,,
sleepy-fox-in-the-meadow,,,,,,,,,White Border,,,13 × 18 cm (Small),,,,,sleepy-fox-in-the-meadow-ramka-13x18,0,,,deny,manual,16.00,32.00,true,true,,,,,,,,,,,,,,,,,,,,,,https://cdn.jsdelivr.net/gh/reximprimis/posters@main/shopify_thumbs/kids-nursery/Watercolor/Sleepy_Fox_in_the_Meadow_ramka_thumb.jpg?v=1789644520475,kg,,,,
sleepy-fox-in-the-meadow,,,,,,,,,White Border,,,21 × 30 cm (A4),,,,,sleepy-fox-in-the-meadow-ramka-21x30,0,,,deny,manual,26.00,52.00,true,true,,,,,,,,,,,,,,,,,,,,,,https://cdn.jsdelivr.net/gh/reximprimis/posters@main/shopify_thumbs/kids-nursery/Watercolor/Sleepy_Fox_in_the_Meadow_ramka_thumb.jpg?v=1789644520475,kg,,,,
sleepy-fox-in-the-meadow,,,,,,,,,White Border,,,30 × 40 cm (Medium),,,,,sleepy-fox-in-the-meadow-ramka-30x40,0,,,deny,manual,43.00,86.00,true,true,,,,,,,,,,,,,,,,,,,,,,https://cdn.jsdelivr.net/gh/reximprimis/posters@main/shopify_thumbs/kids-nursery/Watercolor/Sleepy_Fox_in_the_Meadow_ramka_thumb.jpg?v=1789644520475,kg,,,,
sleepy-fox-in-the-meadow,,,,,,,,,White Border,,,40 × 50 cm (Large),,,,,sleepy-fox-in-the-meadow-ramka-40x50,0,,,deny,manual,57.00,114.00,true,true,,,,,,,,,,,,,,,,,,,,,,https://cdn.jsdelivr.net/gh/reximprimis/posters@main/shopify_thumbs/kids-nursery/Watercolor/Sleepy_Fox_in_the_Meadow_ramka_thumb.jpg?v=1789644520475,kg,,,,
sleepy-fox-in-the-meadow,,,,,,,,,White Border,,,50 × 70 cm (Large),,,,,sleepy-fox-in-the-meadow-ramka-50x70,0,,,deny,manual,71.00,142.00,true,true,,,,,,,,,,,,,,,,,,,,,,https://cdn.jsdelivr.net/gh/reximprimis/posters@main/shopify_thumbs/kids-nursery/Watercolor/Sleepy_Fox_in_the_Meadow_ramka_thumb.jpg?v=1789644520475,kg,,,,
rainbow-over-the-hills,Rainbow Over the Hills,"<p>Embrace the serene beauty of ""Rainbow Over the Hills,"" a delicate watercolor painting that captures the gentle arc of a rainbow stretching across softly rolling hills. Rendered with transparent washes and subtle color layering, this artwork exudes a calming presence, perfect for a nursery or children's space. The ethereal quality of the scene invites the imagination to wander, creating a tranquil atmosphere filled with the promise of joy and wonder.</p>",REXIMPRIMIS,"Home & Garden > Decor > Artwork > Posters, Prints, & Visual Artwork",poster,"poster, category:kids-nursery, style:watercolor, orientation:portrait, room:kids-room, size:13x18, size:21x30, size:30x40, size:40x50, size:50x70, collection:new-arrivals",true,Print Style,Full Bleed,,Size,13 × 18 cm (Small),,,,,rainbow-over-the-hills-full-13x18,0,,,deny,manual,16.00,32.00,true,true,,,,,,https://cdn.jsdelivr.net/gh/reximprimis/posters@main/shopify_thumbs/kids-nursery/Watercolor/Rainbow_Over_the_Hills_thumb.jpg?v=1789644521022,1,,false,Rainbow Over the Hills | REXIMPRIMIS,"Embrace the serene beauty of ""Rainbow Over the Hills,"" a delicate watercolor painting that captures the gentle arc of a rainbow stretching across softly…",,,,,,,,,,,https://cdn.jsdelivr.net/gh/reximprimis/posters@main/shopify_thumbs/kids-nursery/Watercolor/Rainbow_Over_the_Hills_thumb.jpg?v=1789644521022,kg,,,active,
rainbow-over-the-hills,,,,,,,,,Full Bleed,,,21 × 30 cm (A4),,,,,rainbow-over-the-hills-full-21x30,0,,,deny,manual,26.00,52.00,true,true,,,,,,https://cdn.jsdelivr.net/gh/reximprimis/posters@main/shopify_thumbs/kids-nursery/Watercolor/Rainbow_Over_the_Hills_ramka_thumb.jpg?v=1789644521725,2,,,,,,,,,,,,,,,https://cdn.jsdelivr.net/gh/reximprimis/posters@main/shopify_thumbs/kids-nursery/Watercolor/Rainbow_Over_the_Hills_ramka_thumb.jpg?v=1789644521725,kg,,,,
rainbow-over-the-hills,,,,,,,,,Full Bleed,,,30 × 40 cm (Medium),,,,,rainbow-over-the-hills-full-30x40,0,,,deny,manual,43.00,86.00,true,true,,,,,,https://cdn.jsdelivr.net/gh/reximprimis/posters@main/shopify_thumbs/kids-nursery/Watercolor/Rainbow_Over_the_Hills_mockup_frame.jpg?v=1789642642652,3,,,,,,,,,,,,,,,https://cdn.jsdelivr.net/gh/reximprimis/posters@main/shopify_thumbs/kids-nursery/Watercolor/Rainbow_Over_the_Hills_mockup_frame.jpg?v=1789642642652,kg,,,,
rainbow-over-the-hills,,,,,,,,,Full Bleed,,,40 × 50 cm (Large),,,,,rainbow-over-the-hills-full-40x50,0,,,deny,manual,57.00,114.00,true,true,,,,,,https://cdn.jsdelivr.net/gh/reximprimis/posters@main/shopify_thumbs/kids-nursery/Watercolor/Rainbow_Over_the_Hills_mockup_interior.jpg?v=1789642659136,4,,,,,,,,,,,,,,,https://cdn.jsdelivr.net/gh/reximprimis/posters@main/shopify_thumbs/kids-nursery/Watercolor/Rainbow_Over_the_Hills_mockup_interior.jpg?v=1789642659136,kg,,,,
rainbow-over-the-hills,,,,,,,,,Full Bleed,,,50 × 70 cm (Large),,,,,rainbow-over-the-hills-full-50x70,0,,,deny,manual,71.00,142.00,true,true,,,,,,,,,,,,,,,,,,,,,,https://cdn.jsdelivr.net/gh/reximprimis/posters@main/shopify_thumbs/kids-nursery/Watercolor/Rainbow_Over_the_Hills_thumb.jpg?v=1789644521022,kg,,,,
rainbow-over-the-hills,,,,,,,,,White Border,,,13 × 18 cm (Small),,,,,rainbow-over-the-hills-ramka-13x18,0,,,deny,manual,16.00,32.00,true,true,,,,,,,,,,,,,,,,,,,,,,https://cdn.jsdelivr.net/gh/reximprimis/posters@main/shopify_thumbs/kids-nursery/Watercolor/Rainbow_Over_the_Hills_ramka_thumb.jpg?v=1789644521725,kg,,,,
rainbow-over-the-hills,,,,,,,,,White Border,,,21 × 30 cm (A4),,,,,rainbow-over-the-hills-ramka-21x30,0,,,deny,manual,26.00,52.00,true,true,,,,,,,,,,,,,,,,,,,,,,https://cdn.jsdelivr.net/gh/reximprimis/posters@main/shopify_thumbs/kids-nursery/Watercolor/Rainbow_Over_the_Hills_ramka_thumb.jpg?v=1789644521725,kg,,,,
rainbow-over-the-hills,,,,,,,,,White Border,,,30 × 40 cm (Medium),,,,,rainbow-over-the-hills-ramka-30x40,0,,,deny,manual,43.00,86.00,true,true,,,,,,,,,,,,,,,,,,,,,,https://cdn.jsdelivr.net/gh/reximprimis/posters@main/shopify_thumbs/kids-nursery/Watercolor/Rainbow_Over_the_Hills_ramka_thumb.jpg?v=1789644521725,kg,,,,
rainbow-over-the-hills,,,,,,,,,White Border,,,40 × 50 cm (Large),,,,,rainbow-over-the-hills-ramka-40x50,0,,,deny,manual,57.00,114.00,true,true,,,,,,,,,,,,,,,,,,,,,,https://cdn.jsdelivr.net/gh/reximprimis/posters@main/shopify_thumbs/kids-nursery/Watercolor/Rainbow_Over_the_Hills_ramka_thumb.jpg?v=1789644521725,kg,,,,
rainbow-over-the-hills,,,,,,,,,White Border,,,50 × 70 cm (Large),,,,,rainbow-over-the-hills-ramka-50x70,0,,,deny,manual,71.00,142.00,true,true,,,,,,,,,,,,,,,,,,,,,,https://cdn.jsdelivr.net/gh/reximprimis/posters@main/shopify_thumbs/kids-nursery/Watercolor/Rainbow_Over_the_Hills_ramka_thumb.jpg?v=1789644521725,kg,,,,
cypress-trees-at-twilight,Cypress Trees at Twilight,"<p>Experience the serene beauty of ""Cypress Trees at Twilight,"" where swirling brushstrokes evoke the gentle movement of nature at dusk. This captivating artwork captures the essence of twilight, with bold colors and rhythmic patterns that invite calm reflection. Perfect for enhancing any space, it brings a touch of tranquility and the timeless allure of the natural world into your home.</p>",REXIMPRIMIS,"Home & Garden > Decor > Artwork > Posters, Prints, & Visual Artwork",poster,"poster, category:nature-landscapes, style:van-gogh-style, orientation:portrait, room:living-room, room:bedroom, room:home-office, room:study, size:13x18, size:21x30, size:30x40, size:40x50, size:50x70, collection:new-arrivals",true,Print Style,Full Bleed,,Size,13 × 18 cm (Small),,,,,cypress-trees-at-twilight-full-13x18,0,,,deny,manual,16.00,32.00,true,true,,,,,,https://cdn.jsdelivr.net/gh/reximprimis/posters@main/shopify_thumbs/nature-landscapes/Van%20Gogh%20Style/Cypress_Trees_at_Twilight_thumb.jpg?v=1789644522440,1,,false,Cypress Trees at Twilight | REXIMPRIMIS,"Experience the serene beauty of ""Cypress Trees at Twilight,"" where swirling brushstrokes evoke the gentle movement of nature at dusk. This captivating artwork…",,,,,,,,,,,https://cdn.jsdelivr.net/gh/reximprimis/posters@main/shopify_thumbs/nature-landscapes/Van%20Gogh%20Style/Cypress_Trees_at_Twilight_thumb.jpg?v=1789644522440,kg,,,active,
cypress-trees-at-twilight,,,,,,,,,Full Bleed,,,21 × 30 cm (A4),,,,,cypress-trees-at-twilight-full-21x30,0,,,deny,manual,26.00,52.00,true,true,,,,,,https://cdn.jsdelivr.net/gh/reximprimis/posters@main/shopify_thumbs/nature-landscapes/Van%20Gogh%20Style/Cypress_Trees_at_Twilight_ramka_thumb.jpg?v=1789644523297,2,,,,,,,,,,,,,,,https://cdn.jsdelivr.net/gh/reximprimis/posters@main/shopify_thumbs/nature-landscapes/Van%20Gogh%20Style/Cypress_Trees_at_Twilight_ramka_thumb.jpg?v=1789644523297,kg,,,,
cypress-trees-at-twilight,,,,,,,,,Full Bleed,,,30 × 40 cm (Medium),,,,,cypress-trees-at-twilight-full-30x40,0,,,deny,manual,43.00,86.00,true,true,,,,,,https://cdn.jsdelivr.net/gh/reximprimis/posters@main/shopify_thumbs/nature-landscapes/Van%20Gogh%20Style/Cypress_Trees_at_Twilight_mockup_frame.jpg?v=1789642153338,3,,,,,,,,,,,,,,,https://cdn.jsdelivr.net/gh/reximprimis/posters@main/shopify_thumbs/nature-landscapes/Van%20Gogh%20Style/Cypress_Trees_at_Twilight_mockup_frame.jpg?v=1789642153338,kg,,,,
cypress-trees-at-twilight,,,,,,,,,Full Bleed,,,40 × 50 cm (Large),,,,,cypress-trees-at-twilight-full-40x50,0,,,deny,manual,57.00,114.00,true,true,,,,,,https://cdn.jsdelivr.net/gh/reximprimis/posters@main/shopify_thumbs/nature-landscapes/Van%20Gogh%20Style/Cypress_Trees_at_Twilight_mockup_interior.jpg?v=1789642172330,4,,,,,,,,,,,,,,,https://cdn.jsdelivr.net/gh/reximprimis/posters@main/shopify_thumbs/nature-landscapes/Van%20Gogh%20Style/Cypress_Trees_at_Twilight_mockup_interior.jpg?v=1789642172330,kg,,,,
cypress-trees-at-twilight,,,,,,,,,Full Bleed,,,50 × 70 cm (Large),,,,,cypress-trees-at-twilight-full-50x70,0,,,deny,manual,71.00,142.00,true,true,,,,,,,,,,,,,,,,,,,,,,https://cdn.jsdelivr.net/gh/reximprimis/posters@main/shopify_thumbs/nature-landscapes/Van%20Gogh%20Style/Cypress_Trees_at_Twilight_thumb.jpg?v=1789644522440,kg,,,,
cypress-trees-at-twilight,,,,,,,,,White Border,,,13 × 18 cm (Small),,,,,cypress-trees-at-twilight-ramka-13x18,0,,,deny,manual,16.00,32.00,true,true,,,,,,,,,,,,,,,,,,,,,,https://cdn.jsdelivr.net/gh/reximprimis/posters@main/shopify_thumbs/nature-landscapes/Van%20Gogh%20Style/Cypress_Trees_at_Twilight_ramka_thumb.jpg?v=1789644523297,kg,,,,
cypress-trees-at-twilight,,,,,,,,,White Border,,,21 × 30 cm (A4),,,,,cypress-trees-at-twilight-ramka-21x30,0,,,deny,manual,26.00,52.00,true,true,,,,,,,,,,,,,,,,,,,,,,https://cdn.jsdelivr.net/gh/reximprimis/posters@main/shopify_thumbs/nature-landscapes/Van%20Gogh%20Style/Cypress_Trees_at_Twilight_ramka_thumb.jpg?v=1789644523297,kg,,,,
cypress-trees-at-twilight,,,,,,,,,White Border,,,30 × 40 cm (Medium),,,,,cypress-trees-at-twilight-ramka-30x40,0,,,deny,manual,43.00,86.00,true,true,,,,,,,,,,,,,,,,,,,,,,https://cdn.jsdelivr.net/gh/reximprimis/posters@main/shopify_thumbs/nature-landscapes/Van%20Gogh%20Style/Cypress_Trees_at_Twilight_ramka_thumb.jpg?v=1789644523297,kg,,,,
cypress-trees-at-twilight,,,,,,,,,White Border,,,40 × 50 cm (Large),,,,,cypress-trees-at-twilight-ramka-40x50,0,,,deny,manual,57.00,114.00,true,true,,,,,,,,,,,,,,,,,,,,,,https://cdn.jsdelivr.net/gh/reximprimis/posters@main/shopify_thumbs/nature-landscapes/Van%20Gogh%20Style/Cypress_Trees_at_Twilight_ramka_thumb.jpg?v=1789644523297,kg,,,,
cypress-trees-at-twilight,,,,,,,,,White Border,,,50 × 70 cm (Large),,,,,cypress-trees-at-twilight-ramka-50x70,0,,,deny,manual,71.00,142.00,true,true,,,,,,,,,,,,,,,,,,,,,,https://cdn.jsdelivr.net/gh/reximprimis/posters@main/shopify_thumbs/nature-landscapes/Van%20Gogh%20Style/Cypress_Trees_at_Twilight_ramka_thumb.jpg?v=1789644523297,kg,,,,
olive-grove-in-the-wind,Olive Grove in the Wind,"<p>Immerse yourself in the serene beauty of ""Olive Grove in the Wind,"" a stunning portrayal of nature's gentle movement captured through swirling brushstrokes reminiscent of Van Gogh. The vibrant palette of greens and golds evokes a sense of calm, while the rhythmic strokes convey the whisper of the breeze through the olive trees, inviting a peaceful ambiance into your space. This artwork transforms the essence of a tranquil landscape into a timeless piece, perfect for any interior setting.</p>",REXIMPRIMIS,"Home & Garden > Decor > Artwork > Posters, Prints, & Visual Artwork",poster,"poster, category:nature-landscapes, style:van-gogh-style, orientation:portrait, room:living-room, room:bedroom, room:home-office, room:study, size:13x18, size:21x30, size:30x40, size:40x50, size:50x70, collection:new-arrivals",true,Print Style,Full Bleed,,Size,13 × 18 cm (Small),,,,,olive-grove-in-the-wind-full-13x18,0,,,deny,manual,16.00,32.00,true,true,,,,,,https://cdn.jsdelivr.net/gh/reximprimis/posters@main/shopify_thumbs/nature-landscapes/Van%20Gogh%20Style/Olive_Grove_in_the_Wind_thumb.jpg?v=1789644524070,1,,false,Olive Grove in the Wind | REXIMPRIMIS,"Immerse yourself in the serene beauty of ""Olive Grove in the Wind,"" a stunning portrayal of nature's gentle movement captured through swirling brushstrokes…",,,,,,,,,,,https://cdn.jsdelivr.net/gh/reximprimis/posters@main/shopify_thumbs/nature-landscapes/Van%20Gogh%20Style/Olive_Grove_in_the_Wind_thumb.jpg?v=1789644524070,kg,,,active,
olive-grove-in-the-wind,,,,,,,,,Full Bleed,,,21 × 30 cm (A4),,,,,olive-grove-in-the-wind-full-21x30,0,,,deny,manual,26.00,52.00,true,true,,,,,,https://cdn.jsdelivr.net/gh/reximprimis/posters@main/shopify_thumbs/nature-landscapes/Van%20Gogh%20Style/Olive_Grove_in_the_Wind_ramka_thumb.jpg?v=1789644524944,2,,,,,,,,,,,,,,,https://cdn.jsdelivr.net/gh/reximprimis/posters@main/shopify_thumbs/nature-landscapes/Van%20Gogh%20Style/Olive_Grove_in_the_Wind_ramka_thumb.jpg?v=1789644524944,kg,,,,
olive-grove-in-the-wind,,,,,,,,,Full Bleed,,,30 × 40 cm (Medium),,,,,olive-grove-in-the-wind-full-30x40,0,,,deny,manual,43.00,86.00,true,true,,,,,,https://cdn.jsdelivr.net/gh/reximprimis/posters@main/shopify_thumbs/nature-landscapes/Van%20Gogh%20Style/Olive_Grove_in_the_Wind_mockup_frame.jpg?v=1789642192618,3,,,,,,,,,,,,,,,https://cdn.jsdelivr.net/gh/reximprimis/posters@main/shopify_thumbs/nature-landscapes/Van%20Gogh%20Style/Olive_Grove_in_the_Wind_mockup_frame.jpg?v=1789642192618,kg,,,,
olive-grove-in-the-wind,,,,,,,,,Full Bleed,,,40 × 50 cm (Large),,,,,olive-grove-in-the-wind-full-40x50,0,,,deny,manual,57.00,114.00,true,true,,,,,,https://cdn.jsdelivr.net/gh/reximprimis/posters@main/shopify_thumbs/nature-landscapes/Van%20Gogh%20Style/Olive_Grove_in_the_Wind_mockup_interior.jpg?v=1789642213760,4,,,,,,,,,,,,,,,https://cdn.jsdelivr.net/gh/reximprimis/posters@main/shopify_thumbs/nature-landscapes/Van%20Gogh%20Style/Olive_Grove_in_the_Wind_mockup_interior.jpg?v=1789642213760,kg,,,,
olive-grove-in-the-wind,,,,,,,,,Full Bleed,,,50 × 70 cm (Large),,,,,olive-grove-in-the-wind-full-50x70,0,,,deny,manual,71.00,142.00,true,true,,,,,,,,,,,,,,,,,,,,,,https://cdn.jsdelivr.net/gh/reximprimis/posters@main/shopify_thumbs/nature-landscapes/Van%20Gogh%20Style/Olive_Grove_in_the_Wind_thumb.jpg?v=1789644524070,kg,,,,
olive-grove-in-the-wind,,,,,,,,,White Border,,,13 × 18 cm (Small),,,,,olive-grove-in-the-wind-ramka-13x18,0,,,deny,manual,16.00,32.00,true,true,,,,,,,,,,,,,,,,,,,,,,https://cdn.jsdelivr.net/gh/reximprimis/posters@main/shopify_thumbs/nature-landscapes/Van%20Gogh%20Style/Olive_Grove_in_the_Wind_ramka_thumb.jpg?v=1789644524944,kg,,,,
olive-grove-in-the-wind,,,,,,,,,White Border,,,21 × 30 cm (A4),,,,,olive-grove-in-the-wind-ramka-21x30,0,,,deny,manual,26.00,52.00,true,true,,,,,,,,,,,,,,,,,,,,,,https://cdn.jsdelivr.net/gh/reximprimis/posters@main/shopify_thumbs/nature-landscapes/Van%20Gogh%20Style/Olive_Grove_in_the_Wind_ramka_thumb.jpg?v=1789644524944,kg,,,,
olive-grove-in-the-wind,,,,,,,,,White Border,,,30 × 40 cm (Medium),,,,,olive-grove-in-the-wind-ramka-30x40,0,,,deny,manual,43.00,86.00,true,true,,,,,,,,,,,,,,,,,,,,,,https://cdn.jsdelivr.net/gh/reximprimis/posters@main/shopify_thumbs/nature-landscapes/Van%20Gogh%20Style/Olive_Grove_in_the_Wind_ramka_thumb.jpg?v=1789644524944,kg,,,,
olive-grove-in-the-wind,,,,,,,,,White Border,,,40 × 50 cm (Large),,,,,olive-grove-in-the-wind-ramka-40x50,0,,,deny,manual,57.00,114.00,true,true,,,,,,,,,,,,,,,,,,,,,,https://cdn.jsdelivr.net/gh/reximprimis/posters@main/shopify_thumbs/nature-landscapes/Van%20Gogh%20Style/Olive_Grove_in_the_Wind_ramka_thumb.jpg?v=1789644524944,kg,,,,
olive-grove-in-the-wind,,,,,,,,,White Border,,,50 × 70 cm (Large),,,,,olive-grove-in-the-wind-ramka-50x70,0,,,deny,manual,71.00,142.00,true,true,,,,,,,,,,,,,,,,,,,,,,https://cdn.jsdelivr.net/gh/reximprimis/posters@main/shopify_thumbs/nature-landscapes/Van%20Gogh%20Style/Olive_Grove_in_the_Wind_ramka_thumb.jpg?v=1789644524944,kg,,,,
rolling-vineyard-hills,Rolling Vineyard Hills,"<p>Immerse yourself in the serene beauty of ""Rolling Vineyard Hills,"" where lush, undulating landscapes come to life through vibrant post-impressionist brushwork. The thick, rhythmic strokes capture the essence of a sun-drenched vineyard, inviting a sense of calm and nostalgia. This artwork harmoniously balances bold colors and elegant forms, creating a tranquil escape for any interior space.</p>",REXIMPRIMIS,"Home & Garden > Decor > Artwork > Posters, Prints, & Visual Artwork",poster,"poster, category:nature-landscapes, style:van-gogh-style, orientation:portrait, room:living-room, room:bedroom, room:home-office, room:study, size:13x18, size:21x30, size:30x40, size:40x50, size:50x70, collection:new-arrivals",true,Print Style,Full Bleed,,Size,13 × 18 cm (Small),,,,,rolling-vineyard-hills-full-13x18,0,,,deny,manual,16.00,32.00,true,true,,,,,,https://cdn.jsdelivr.net/gh/reximprimis/posters@main/shopify_thumbs/nature-landscapes/Van%20Gogh%20Style/Rolling_Vineyard_Hills_thumb.jpg?v=1789644525699,1,,false,Rolling Vineyard Hills | REXIMPRIMIS,"Immerse yourself in the serene beauty of ""Rolling Vineyard Hills,"" where lush, undulating landscapes come to life through vibrant post-impressionist brushwork…",,,,,,,,,,,https://cdn.jsdelivr.net/gh/reximprimis/posters@main/shopify_thumbs/nature-landscapes/Van%20Gogh%20Style/Rolling_Vineyard_Hills_thumb.jpg?v=1789644525699,kg,,,active,
rolling-vineyard-hills,,,,,,,,,Full Bleed,,,21 × 30 cm (A4),,,,,rolling-vineyard-hills-full-21x30,0,,,deny,manual,26.00,52.00,true,true,,,,,,https://cdn.jsdelivr.net/gh/reximprimis/posters@main/shopify_thumbs/nature-landscapes/Van%20Gogh%20Style/Rolling_Vineyard_Hills_ramka_thumb.jpg?v=1789644526634,2,,,,,,,,,,,,,,,https://cdn.jsdelivr.net/gh/reximprimis/posters@main/shopify_thumbs/nature-landscapes/Van%20Gogh%20Style/Rolling_Vineyard_Hills_ramka_thumb.jpg?v=1789644526634,kg,,,,
rolling-vineyard-hills,,,,,,,,,Full Bleed,,,30 × 40 cm (Medium),,,,,rolling-vineyard-hills-full-30x40,0,,,deny,manual,43.00,86.00,true,true,,,,,,https://cdn.jsdelivr.net/gh/reximprimis/posters@main/shopify_thumbs/nature-landscapes/Van%20Gogh%20Style/Rolling_Vineyard_Hills_mockup_frame.jpg?v=1789642231543,3,,,,,,,,,,,,,,,https://cdn.jsdelivr.net/gh/reximprimis/posters@main/shopify_thumbs/nature-landscapes/Van%20Gogh%20Style/Rolling_Vineyard_Hills_mockup_frame.jpg?v=1789642231543,kg,,,,
rolling-vineyard-hills,,,,,,,,,Full Bleed,,,40 × 50 cm (Large),,,,,rolling-vineyard-hills-full-40x50,0,,,deny,manual,57.00,114.00,true,true,,,,,,https://cdn.jsdelivr.net/gh/reximprimis/posters@main/shopify_thumbs/nature-landscapes/Van%20Gogh%20Style/Rolling_Vineyard_Hills_mockup_interior.jpg?v=1789642246785,4,,,,,,,,,,,,,,,https://cdn.jsdelivr.net/gh/reximprimis/posters@main/shopify_thumbs/nature-landscapes/Van%20Gogh%20Style/Rolling_Vineyard_Hills_mockup_interior.jpg?v=1789642246785,kg,,,,
rolling-vineyard-hills,,,,,,,,,Full Bleed,,,50 × 70 cm (Large),,,,,rolling-vineyard-hills-full-50x70,0,,,deny,manual,71.00,142.00,true,true,,,,,,,,,,,,,,,,,,,,,,https://cdn.jsdelivr.net/gh/reximprimis/posters@main/shopify_thumbs/nature-landscapes/Van%20Gogh%20Style/Rolling_Vineyard_Hills_thumb.jpg?v=1789644525699,kg,,,,
rolling-vineyard-hills,,,,,,,,,White Border,,,13 × 18 cm (Small),,,,,rolling-vineyard-hills-ramka-13x18,0,,,deny,manual,16.00,32.00,true,true,,,,,,,,,,,,,,,,,,,,,,https://cdn.jsdelivr.net/gh/reximprimis/posters@main/shopify_thumbs/nature-landscapes/Van%20Gogh%20Style/Rolling_Vineyard_Hills_ramka_thumb.jpg?v=1789644526634,kg,,,,
rolling-vineyard-hills,,,,,,,,,White Border,,,21 × 30 cm (A4),,,,,rolling-vineyard-hills-ramka-21x30,0,,,deny,manual,26.00,52.00,true,true,,,,,,,,,,,,,,,,,,,,,,https://cdn.jsdelivr.net/gh/reximprimis/posters@main/shopify_thumbs/nature-landscapes/Van%20Gogh%20Style/Rolling_Vineyard_Hills_ramka_thumb.jpg?v=1789644526634,kg,,,,
rolling-vineyard-hills,,,,,,,,,White Border,,,30 × 40 cm (Medium),,,,,rolling-vineyard-hills-ramka-30x40,0,,,deny,manual,43.00,86.00,true,true,,,,,,,,,,,,,,,,,,,,,,https://cdn.jsdelivr.net/gh/reximprimis/posters@main/shopify_thumbs/nature-landscapes/Van%20Gogh%20Style/Rolling_Vineyard_Hills_ramka_thumb.jpg?v=1789644526634,kg,,,,
rolling-vineyard-hills,,,,,,,,,White Border,,,40 × 50 cm (Large),,,,,rolling-vineyard-hills-ramka-40x50,0,,,deny,manual,57.00,114.00,true,true,,,,,,,,,,,,,,,,,,,,,,https://cdn.jsdelivr.net/gh/reximprimis/posters@main/shopify_thumbs/nature-landscapes/Van%20Gogh%20Style/Rolling_Vineyard_Hills_ramka_thumb.jpg?v=1789644526634,kg,,,,
rolling-vineyard-hills,,,,,,,,,White Border,,,50 × 70 cm (Large),,,,,rolling-vineyard-hills-ramka-50x70,0,,,deny,manual,71.00,142.00,true,true,,,,,,,,,,,,,,,,,,,,,,https://cdn.jsdelivr.net/gh/reximprimis/posters@main/shopify_thumbs/nature-landscapes/Van%20Gogh%20Style/Rolling_Vineyard_Hills_ramka_thumb.jpg?v=1789644526634,kg,,,,
almond-blossoms-in-spring,Almond Blossoms in Spring,"<p>Embrace the essence of spring with ""Almond Blossoms in Spring,"" a vibrant celebration of nature's renewal. This artwork captures the delicate beauty of almond blossoms through expressive brushwork, where thick, swirling strokes and vivid colors evoke a sense of life and movement. The harmonious composition invites a moment of calm reflection, making it a perfect addition to any space seeking a touch of warmth and elegance.</p>",REXIMPRIMIS,"Home & Garden > Decor > Artwork > Posters, Prints, & Visual Artwork",poster,"poster, category:botanical, style:van-gogh-style, orientation:portrait, room:living-room, room:bedroom, room:bathroom, room:home-office, room:dining-room, room:kitchen, room:kids-room, size:13x18, size:21x30, size:30x40, size:40x50, size:50x70, collection:new-arrivals",true,Print Style,Full Bleed,,Size,13 × 18 cm (Small),,,,,almond-blossoms-in-spring-full-13x18,0,,,deny,manual,16.00,32.00,true,true,,,,,,https://cdn.jsdelivr.net/gh/reximprimis/posters@main/shopify_thumbs/botanical/Van%20Gogh%20Style/Almond_Blossoms_in_Spring_thumb.jpg?v=1789644527369,1,,false,Almond Blossoms in Spring | REXIMPRIMIS,"Embrace the essence of spring with ""Almond Blossoms in Spring,"" a vibrant celebration of nature's renewal. This artwork captures the delicate beauty of almond…",,,,,,,,,,,https://cdn.jsdelivr.net/gh/reximprimis/posters@main/shopify_thumbs/botanical/Van%20Gogh%20Style/Almond_Blossoms_in_Spring_thumb.jpg?v=1789644527369,kg,,,active,
almond-blossoms-in-spring,,,,,,,,,Full Bleed,,,21 × 30 cm (A4),,,,,almond-blossoms-in-spring-full-21x30,0,,,deny,manual,26.00,52.00,true,true,,,,,,https://cdn.jsdelivr.net/gh/reximprimis/posters@main/shopify_thumbs/botanical/Van%20Gogh%20Style/Almond_Blossoms_in_Spring_ramka_thumb.jpg?v=1789644528355,2,,,,,,,,,,,,,,,https://cdn.jsdelivr.net/gh/reximprimis/posters@main/shopify_thumbs/botanical/Van%20Gogh%20Style/Almond_Blossoms_in_Spring_ramka_thumb.jpg?v=1789644528355,kg,,,,
almond-blossoms-in-spring,,,,,,,,,Full Bleed,,,30 × 40 cm (Medium),,,,,almond-blossoms-in-spring-full-30x40,0,,,deny,manual,43.00,86.00,true,true,,,,,,https://cdn.jsdelivr.net/gh/reximprimis/posters@main/shopify_thumbs/botanical/Van%20Gogh%20Style/Almond_Blossoms_in_Spring_mockup_frame.jpg?v=1789642341913,3,,,,,,,,,,,,,,,https://cdn.jsdelivr.net/gh/reximprimis/posters@main/shopify_thumbs/botanical/Van%20Gogh%20Style/Almond_Blossoms_in_Spring_mockup_frame.jpg?v=1789642341913,kg,,,,
almond-blossoms-in-spring,,,,,,,,,Full Bleed,,,40 × 50 cm (Large),,,,,almond-blossoms-in-spring-full-40x50,0,,,deny,manual,57.00,114.00,true,true,,,,,,https://cdn.jsdelivr.net/gh/reximprimis/posters@main/shopify_thumbs/botanical/Van%20Gogh%20Style/Almond_Blossoms_in_Spring_mockup_interior.jpg?v=1789642361104,4,,,,,,,,,,,,,,,https://cdn.jsdelivr.net/gh/reximprimis/posters@main/shopify_thumbs/botanical/Van%20Gogh%20Style/Almond_Blossoms_in_Spring_mockup_interior.jpg?v=1789642361104,kg,,,,
almond-blossoms-in-spring,,,,,,,,,Full Bleed,,,50 × 70 cm (Large),,,,,almond-blossoms-in-spring-full-50x70,0,,,deny,manual,71.00,142.00,true,true,,,,,,,,,,,,,,,,,,,,,,https://cdn.jsdelivr.net/gh/reximprimis/posters@main/shopify_thumbs/botanical/Van%20Gogh%20Style/Almond_Blossoms_in_Spring_thumb.jpg?v=1789644527369,kg,,,,
almond-blossoms-in-spring,,,,,,,,,White Border,,,13 × 18 cm (Small),,,,,almond-blossoms-in-spring-ramka-13x18,0,,,deny,manual,16.00,32.00,true,true,,,,,,,,,,,,,,,,,,,,,,https://cdn.jsdelivr.net/gh/reximprimis/posters@main/shopify_thumbs/botanical/Van%20Gogh%20Style/Almond_Blossoms_in_Spring_ramka_thumb.jpg?v=1789644528355,kg,,,,
almond-blossoms-in-spring,,,,,,,,,White Border,,,21 × 30 cm (A4),,,,,almond-blossoms-in-spring-ramka-21x30,0,,,deny,manual,26.00,52.00,true,true,,,,,,,,,,,,,,,,,,,,,,https://cdn.jsdelivr.net/gh/reximprimis/posters@main/shopify_thumbs/botanical/Van%20Gogh%20Style/Almond_Blossoms_in_Spring_ramka_thumb.jpg?v=1789644528355,kg,,,,
almond-blossoms-in-spring,,,,,,,,,White Border,,,30 × 40 cm (Medium),,,,,almond-blossoms-in-spring-ramka-30x40,0,,,deny,manual,43.00,86.00,true,true,,,,,,,,,,,,,,,,,,,,,,https://cdn.jsdelivr.net/gh/reximprimis/posters@main/shopify_thumbs/botanical/Van%20Gogh%20Style/Almond_Blossoms_in_Spring_ramka_thumb.jpg?v=1789644528355,kg,,,,
almond-blossoms-in-spring,,,,,,,,,White Border,,,40 × 50 cm (Large),,,,,almond-blossoms-in-spring-ramka-40x50,0,,,deny,manual,57.00,114.00,true,true,,,,,,,,,,,,,,,,,,,,,,https://cdn.jsdelivr.net/gh/reximprimis/posters@main/shopify_thumbs/botanical/Van%20Gogh%20Style/Almond_Blossoms_in_Spring_ramka_thumb.jpg?v=1789644528355,kg,,,,
almond-blossoms-in-spring,,,,,,,,,White Border,,,50 × 70 cm (Large),,,,,almond-blossoms-in-spring-ramka-50x70,0,,,deny,manual,71.00,142.00,true,true,,,,,,,,,,,,,,,,,,,,,,https://cdn.jsdelivr.net/gh/reximprimis/posters@main/shopify_thumbs/botanical/Van%20Gogh%20Style/Almond_Blossoms_in_Spring_ramka_thumb.jpg?v=1789644528355,kg,,,,
sunflowers-in-a-clay-jug,Sunflowers in a Clay Jug,"<p>Embrace the vibrant beauty of nature with ""Sunflowers in a Clay Jug,"" a captivating piece that celebrates the joyful presence of sunflowers in a rustic vessel. Rendered in a dynamic post-impressionist style, the thick, swirling brushstrokes and vivid colors evoke a sense of warmth and tranquility, inviting you to savor the essence of a sunlit moment. This artwork seamlessly blends the rich textures of the blooms with the earthy tones of the jug, creating a serene focal point for any space.</p>",REXIMPRIMIS,"Home & Garden > Decor > Artwork > Posters, Prints, & Visual Artwork",poster,"poster, category:botanical, style:van-gogh-style, orientation:portrait, room:living-room, room:bedroom, room:bathroom, room:home-office, room:dining-room, room:kitchen, room:kids-room, size:13x18, size:21x30, size:30x40, size:40x50, size:50x70, collection:new-arrivals",true,Print Style,Full Bleed,,Size,13 × 18 cm (Small),,,,,sunflowers-in-a-clay-jug-full-13x18,0,,,deny,manual,16.00,32.00,true,true,,,,,,https://cdn.jsdelivr.net/gh/reximprimis/posters@main/shopify_thumbs/botanical/Van%20Gogh%20Style/Sunflowers_in_a_Clay_Jug_thumb.jpg?v=1789644529163,1,,false,Sunflowers in a Clay Jug | REXIMPRIMIS,"Embrace the vibrant beauty of nature with ""Sunflowers in a Clay Jug,"" a captivating piece that celebrates the joyful presence of sunflowers in a rustic vessel…",,,,,,,,,,,https://cdn.jsdelivr.net/gh/reximprimis/posters@main/shopify_thumbs/botanical/Van%20Gogh%20Style/Sunflowers_in_a_Clay_Jug_thumb.jpg?v=1789644529163,kg,,,active,
sunflowers-in-a-clay-jug,,,,,,,,,Full Bleed,,,21 × 30 cm (A4),,,,,sunflowers-in-a-clay-jug-full-21x30,0,,,deny,manual,26.00,52.00,true,true,,,,,,https://cdn.jsdelivr.net/gh/reximprimis/posters@main/shopify_thumbs/botanical/Van%20Gogh%20Style/Sunflowers_in_a_Clay_Jug_ramka_thumb.jpg?v=1789644530050,2,,,,,,,,,,,,,,,https://cdn.jsdelivr.net/gh/reximprimis/posters@main/shopify_thumbs/botanical/Van%20Gogh%20Style/Sunflowers_in_a_Clay_Jug_ramka_thumb.jpg?v=1789644530050,kg,,,,
sunflowers-in-a-clay-jug,,,,,,,,,Full Bleed,,,30 × 40 cm (Medium),,,,,sunflowers-in-a-clay-jug-full-30x40,0,,,deny,manual,43.00,86.00,true,true,,,,,,https://cdn.jsdelivr.net/gh/reximprimis/posters@main/shopify_thumbs/botanical/Van%20Gogh%20Style/Sunflowers_in_a_Clay_Jug_mockup_frame.jpg?v=1789642378230,3,,,,,,,,,,,,,,,https://cdn.jsdelivr.net/gh/reximprimis/posters@main/shopify_thumbs/botanical/Van%20Gogh%20Style/Sunflowers_in_a_Clay_Jug_mockup_frame.jpg?v=1789642378230,kg,,,,
sunflowers-in-a-clay-jug,,,,,,,,,Full Bleed,,,40 × 50 cm (Large),,,,,sunflowers-in-a-clay-jug-full-40x50,0,,,deny,manual,57.00,114.00,true,true,,,,,,https://cdn.jsdelivr.net/gh/reximprimis/posters@main/shopify_thumbs/botanical/Van%20Gogh%20Style/Sunflowers_in_a_Clay_Jug_mockup_interior.jpg?v=1789642396407,4,,,,,,,,,,,,,,,https://cdn.jsdelivr.net/gh/reximprimis/posters@main/shopify_thumbs/botanical/Van%20Gogh%20Style/Sunflowers_in_a_Clay_Jug_mockup_interior.jpg?v=1789642396407,kg,,,,
sunflowers-in-a-clay-jug,,,,,,,,,Full Bleed,,,50 × 70 cm (Large),,,,,sunflowers-in-a-clay-jug-full-50x70,0,,,deny,manual,71.00,142.00,true,true,,,,,,,,,,,,,,,,,,,,,,https://cdn.jsdelivr.net/gh/reximprimis/posters@main/shopify_thumbs/botanical/Van%20Gogh%20Style/Sunflowers_in_a_Clay_Jug_thumb.jpg?v=1789644529163,kg,,,,
sunflowers-in-a-clay-jug,,,,,,,,,White Border,,,13 × 18 cm (Small),,,,,sunflowers-in-a-clay-jug-ramka-13x18,0,,,deny,manual,16.00,32.00,true,true,,,,,,,,,,,,,,,,,,,,,,https://cdn.jsdelivr.net/gh/reximprimis/posters@main/shopify_thumbs/botanical/Van%20Gogh%20Style/Sunflowers_in_a_Clay_Jug_ramka_thumb.jpg?v=1789644530050,kg,,,,
sunflowers-in-a-clay-jug,,,,,,,,,White Border,,,21 × 30 cm (A4),,,,,sunflowers-in-a-clay-jug-ramka-21x30,0,,,deny,manual,26.00,52.00,true,true,,,,,,,,,,,,,,,,,,,,,,https://cdn.jsdelivr.net/gh/reximprimis/posters@main/shopify_thumbs/botanical/Van%20Gogh%20Style/Sunflowers_in_a_Clay_Jug_ramka_thumb.jpg?v=1789644530050,kg,,,,
sunflowers-in-a-clay-jug,,,,,,,,,White Border,,,30 × 40 cm (Medium),,,,,sunflowers-in-a-clay-jug-ramka-30x40,0,,,deny,manual,43.00,86.00,true,true,,,,,,,,,,,,,,,,,,,,,,https://cdn.jsdelivr.net/gh/reximprimis/posters@main/shopify_thumbs/botanical/Van%20Gogh%20Style/Sunflowers_in_a_Clay_Jug_ramka_thumb.jpg?v=1789644530050,kg,,,,
sunflowers-in-a-clay-jug,,,,,,,,,White Border,,,40 × 50 cm (Large),,,,,sunflowers-in-a-clay-jug-ramka-40x50,0,,,deny,manual,57.00,114.00,true,true,,,,,,,,,,,,,,,,,,,,,,https://cdn.jsdelivr.net/gh/reximprimis/posters@main/shopify_thumbs/botanical/Van%20Gogh%20Style/Sunflowers_in_a_Clay_Jug_ramka_thumb.jpg?v=1789644530050,kg,,,,
sunflowers-in-a-clay-jug,,,,,,,,,White Border,,,50 × 70 cm (Large),,,,,sunflowers-in-a-clay-jug-ramka-50x70,0,,,deny,manual,71.00,142.00,true,true,,,,,,,,,,,,,,,,,,,,,,https://cdn.jsdelivr.net/gh/reximprimis/posters@main/shopify_thumbs/botanical/Van%20Gogh%20Style/Sunflowers_in_a_Clay_Jug_ramka_thumb.jpg?v=1789644530050,kg,,,,
starry-harbor-at-night,Starry Harbor at Night,"<p>Experience the tranquil beauty of ""Starry Harbor at Night,"" where swirling brushstrokes capture the essence of a serene coastal scene under a starlit sky. The vivid colors and dynamic movement evoke a sense of calm, inviting you to immerse yourself in this dreamlike moment by the sea. Perfect for adding a touch of artistic elegance to your space, this piece transforms any room into a peaceful retreat.</p>",REXIMPRIMIS,"Home & Garden > Decor > Artwork > Posters, Prints, & Visual Artwork",poster,"poster, category:sea-coast, style:van-gogh-style, orientation:portrait, room:living-room, room:bedroom, room:bathroom, room:home-office, size:13x18, size:21x30, size:30x40, size:40x50, size:50x70, collection:new-arrivals",true,Print Style,Full Bleed,,Size,13 × 18 cm (Small),,,,,starry-harbor-at-night-full-13x18,0,,,deny,manual,16.00,32.00,true,true,,,,,,https://cdn.jsdelivr.net/gh/reximprimis/posters@main/shopify_thumbs/sea-coast/Van%20Gogh%20Style/Starry_Harbor_at_Night_thumb.jpg?v=1789644530810,1,,false,Starry Harbor at Night | REXIMPRIMIS,"Experience the tranquil beauty of ""Starry Harbor at Night,"" where swirling brushstrokes capture the essence of a serene coastal scene under a starlit sky. The…",,,,,,,,,,,https://cdn.jsdelivr.net/gh/reximprimis/posters@main/shopify_thumbs/sea-coast/Van%20Gogh%20Style/Starry_Harbor_at_Night_thumb.jpg?v=1789644530810,kg,,,active,
starry-harbor-at-night,,,,,,,,,Full Bleed,,,21 × 30 cm (A4),,,,,starry-harbor-at-night-full-21x30,0,,,deny,manual,26.00,52.00,true,true,,,,,,https://cdn.jsdelivr.net/gh/reximprimis/posters@main/shopify_thumbs/sea-coast/Van%20Gogh%20Style/Starry_Harbor_at_Night_ramka_thumb.jpg?v=1789644531743,2,,,,,,,,,,,,,,,https://cdn.jsdelivr.net/gh/reximprimis/posters@main/shopify_thumbs/sea-coast/Van%20Gogh%20Style/Starry_Harbor_at_Night_ramka_thumb.jpg?v=1789644531743,kg,,,,
starry-harbor-at-night,,,,,,,,,Full Bleed,,,30 × 40 cm (Medium),,,,,starry-harbor-at-night-full-30x40,0,,,deny,manual,43.00,86.00,true,true,,,,,,https://cdn.jsdelivr.net/gh/reximprimis/posters@main/shopify_thumbs/sea-coast/Van%20Gogh%20Style/Starry_Harbor_at_Night_mockup_frame.jpg?v=1789642569360,3,,,,,,,,,,,,,,,https://cdn.jsdelivr.net/gh/reximprimis/posters@main/shopify_thumbs/sea-coast/Van%20Gogh%20Style/Starry_Harbor_at_Night_mockup_frame.jpg?v=1789642569360,kg,,,,
starry-harbor-at-night,,,,,,,,,Full Bleed,,,40 × 50 cm (Large),,,,,starry-harbor-at-night-full-40x50,0,,,deny,manual,57.00,114.00,true,true,,,,,,https://cdn.jsdelivr.net/gh/reximprimis/posters@main/shopify_thumbs/sea-coast/Van%20Gogh%20Style/Starry_Harbor_at_Night_mockup_interior.jpg?v=1789642588085,4,,,,,,,,,,,,,,,https://cdn.jsdelivr.net/gh/reximprimis/posters@main/shopify_thumbs/sea-coast/Van%20Gogh%20Style/Starry_Harbor_at_Night_mockup_interior.jpg?v=1789642588085,kg,,,,
starry-harbor-at-night,,,,,,,,,Full Bleed,,,50 × 70 cm (Large),,,,,starry-harbor-at-night-full-50x70,0,,,deny,manual,71.00,142.00,true,true,,,,,,,,,,,,,,,,,,,,,,https://cdn.jsdelivr.net/gh/reximprimis/posters@main/shopify_thumbs/sea-coast/Van%20Gogh%20Style/Starry_Harbor_at_Night_thumb.jpg?v=1789644530810,kg,,,,
starry-harbor-at-night,,,,,,,,,White Border,,,13 × 18 cm (Small),,,,,starry-harbor-at-night-ramka-13x18,0,,,deny,manual,16.00,32.00,true,true,,,,,,,,,,,,,,,,,,,,,,https://cdn.jsdelivr.net/gh/reximprimis/posters@main/shopify_thumbs/sea-coast/Van%20Gogh%20Style/Starry_Harbor_at_Night_ramka_thumb.jpg?v=1789644531743,kg,,,,
starry-harbor-at-night,,,,,,,,,White Border,,,21 × 30 cm (A4),,,,,starry-harbor-at-night-ramka-21x30,0,,,deny,manual,26.00,52.00,true,true,,,,,,,,,,,,,,,,,,,,,,https://cdn.jsdelivr.net/gh/reximprimis/posters@main/shopify_thumbs/sea-coast/Van%20Gogh%20Style/Starry_Harbor_at_Night_ramka_thumb.jpg?v=1789644531743,kg,,,,
starry-harbor-at-night,,,,,,,,,White Border,,,30 × 40 cm (Medium),,,,,starry-harbor-at-night-ramka-30x40,0,,,deny,manual,43.00,86.00,true,true,,,,,,,,,,,,,,,,,,,,,,https://cdn.jsdelivr.net/gh/reximprimis/posters@main/shopify_thumbs/sea-coast/Van%20Gogh%20Style/Starry_Harbor_at_Night_ramka_thumb.jpg?v=1789644531743,kg,,,,
starry-harbor-at-night,,,,,,,,,White Border,,,40 × 50 cm (Large),,,,,starry-harbor-at-night-ramka-40x50,0,,,deny,manual,57.00,114.00,true,true,,,,,,,,,,,,,,,,,,,,,,https://cdn.jsdelivr.net/gh/reximprimis/posters@main/shopify_thumbs/sea-coast/Van%20Gogh%20Style/Starry_Harbor_at_Night_ramka_thumb.jpg?v=1789644531743,kg,,,,
starry-harbor-at-night,,,,,,,,,White Border,,,50 × 70 cm (Large),,,,,starry-harbor-at-night-ramka-50x70,0,,,deny,manual,71.00,142.00,true,true,,,,,,,,,,,,,,,,,,,,,,https://cdn.jsdelivr.net/gh/reximprimis/posters@main/shopify_thumbs/sea-coast/Van%20Gogh%20Style/Starry_Harbor_at_Night_ramka_thumb.jpg?v=1789644531743,kg,,,,
coastal-city-contours,Coastal City Contours,"<p>Embrace the serene beauty of urban landscapes with ""Coastal City Contours,"" an elegant illustration that captures the graceful outlines of a coastal city. The refined composition, characterized by soft contours and a calming palette, invites tranquility and reflection, making it a perfect addition to any interior space. Let the delicate balance of form and negative space create a soothing atmosphere in your home.</p>",REXIMPRIMIS,"Home & Garden > Decor > Artwork > Posters, Prints, & Visual Artwork",poster,"poster, category:maps, style:illustration, orientation:portrait, room:living-room, room:home-office, room:study, room:teen-room, size:13x18, size:21x30, size:30x40, size:40x50, size:50x70, collection:new-arrivals",true,Print Style,Full Bleed,,Size,13 × 18 cm (Small),,,,,coastal-city-contours-full-13x18,0,,,deny,manual,16.00,32.00,true,true,,,,,,https://cdn.jsdelivr.net/gh/reximprimis/posters@main/shopify_thumbs/maps/Illustration/Coastal_City_Contours_thumb.jpg?v=1789644532301,1,,false,Coastal City Contours | REXIMPRIMIS,"Embrace the serene beauty of urban landscapes with ""Coastal City Contours,"" an elegant illustration that captures the graceful outlines of a coastal city. The…",,,,,,,,,,,https://cdn.jsdelivr.net/gh/reximprimis/posters@main/shopify_thumbs/maps/Illustration/Coastal_City_Contours_thumb.jpg?v=1789644532301,kg,,,active,
coastal-city-contours,,,,,,,,,Full Bleed,,,21 × 30 cm (A4),,,,,coastal-city-contours-full-21x30,0,,,deny,manual,26.00,52.00,true,true,,,,,,https://cdn.jsdelivr.net/gh/reximprimis/posters@main/shopify_thumbs/maps/Illustration/Coastal_City_Contours_ramka_thumb.jpg?v=1789644532928,2,,,,,,,,,,,,,,,https://cdn.jsdelivr.net/gh/reximprimis/posters@main/shopify_thumbs/maps/Illustration/Coastal_City_Contours_ramka_thumb.jpg?v=1789644532928,kg,,,,
coastal-city-contours,,,,,,,,,Full Bleed,,,30 × 40 cm (Medium),,,,,coastal-city-contours-full-30x40,0,,,deny,manual,43.00,86.00,true,true,,,,,,https://cdn.jsdelivr.net/gh/reximprimis/posters@main/shopify_thumbs/maps/Illustration/Coastal_City_Contours_mockup_frame.jpg?v=1789642749880,3,,,,,,,,,,,,,,,https://cdn.jsdelivr.net/gh/reximprimis/posters@main/shopify_thumbs/maps/Illustration/Coastal_City_Contours_mockup_frame.jpg?v=1789642749880,kg,,,,
coastal-city-contours,,,,,,,,,Full Bleed,,,40 × 50 cm (Large),,,,,coastal-city-contours-full-40x50,0,,,deny,manual,57.00,114.00,true,true,,,,,,https://cdn.jsdelivr.net/gh/reximprimis/posters@main/shopify_thumbs/maps/Illustration/Coastal_City_Contours_mockup_interior.jpg?v=1789642770515,4,,,,,,,,,,,,,,,https://cdn.jsdelivr.net/gh/reximprimis/posters@main/shopify_thumbs/maps/Illustration/Coastal_City_Contours_mockup_interior.jpg?v=1789642770515,kg,,,,
coastal-city-contours,,,,,,,,,Full Bleed,,,50 × 70 cm (Large),,,,,coastal-city-contours-full-50x70,0,,,deny,manual,71.00,142.00,true,true,,,,,,,,,,,,,,,,,,,,,,https://cdn.jsdelivr.net/gh/reximprimis/posters@main/shopify_thumbs/maps/Illustration/Coastal_City_Contours_thumb.jpg?v=1789644532301,kg,,,,
coastal-city-contours,,,,,,,,,White Border,,,13 × 18 cm (Small),,,,,coastal-city-contours-ramka-13x18,0,,,deny,manual,16.00,32.00,true,true,,,,,,,,,,,,,,,,,,,,,,https://cdn.jsdelivr.net/gh/reximprimis/posters@main/shopify_thumbs/maps/Illustration/Coastal_City_Contours_ramka_thumb.jpg?v=1789644532928,kg,,,,
coastal-city-contours,,,,,,,,,White Border,,,21 × 30 cm (A4),,,,,coastal-city-contours-ramka-21x30,0,,,deny,manual,26.00,52.00,true,true,,,,,,,,,,,,,,,,,,,,,,https://cdn.jsdelivr.net/gh/reximprimis/posters@main/shopify_thumbs/maps/Illustration/Coastal_City_Contours_ramka_thumb.jpg?v=1789644532928,kg,,,,
coastal-city-contours,,,,,,,,,White Border,,,30 × 40 cm (Medium),,,,,coastal-city-contours-ramka-30x40,0,,,deny,manual,43.00,86.00,true,true,,,,,,,,,,,,,,,,,,,,,,https://cdn.jsdelivr.net/gh/reximprimis/posters@main/shopify_thumbs/maps/Illustration/Coastal_City_Contours_ramka_thumb.jpg?v=1789644532928,kg,,,,
coastal-city-contours,,,,,,,,,White Border,,,40 × 50 cm (Large),,,,,coastal-city-contours-ramka-40x50,0,,,deny,manual,57.00,114.00,true,true,,,,,,,,,,,,,,,,,,,,,,https://cdn.jsdelivr.net/gh/reximprimis/posters@main/shopify_thumbs/maps/Illustration/Coastal_City_Contours_ramka_thumb.jpg?v=1789644532928,kg,,,,
coastal-city-contours,,,,,,,,,White Border,,,50 × 70 cm (Large),,,,,coastal-city-contours-ramka-50x70,0,,,deny,manual,71.00,142.00,true,true,,,,,,,,,,,,,,,,,,,,,,https://cdn.jsdelivr.net/gh/reximprimis/posters@main/shopify_thumbs/maps/Illustration/Coastal_City_Contours_ramka_thumb.jpg?v=1789644532928,kg,,,,
harbor-town-street-grid,Harbor Town Street Grid,"<p>Discover the serene elegance of ""Harbor Town Street Grid,"" an intricately illustrated representation of urban architecture and layout. This artwork captures the essence of a coastal town with its thoughtfully arranged streets and pathways, rendered in a calming palette that invites reflection and tranquility. Perfectly balanced with generous negative space, it brings a refined touch to any interior, celebrating the beauty of city life in a harmonious visual narrative.</p>",REXIMPRIMIS,"Home & Garden > Decor > Artwork > Posters, Prints, & Visual Artwork",poster,"poster, category:maps, style:illustration, orientation:portrait, room:living-room, room:home-office, room:study, room:teen-room, size:13x18, size:21x30, size:30x40, size:40x50, size:50x70, collection:new-arrivals",true,Print Style,Full Bleed,,Size,13 × 18 cm (Small),,,,,harbor-town-street-grid-full-13x18,0,,,deny,manual,16.00,32.00,true,true,,,,,,https://cdn.jsdelivr.net/gh/reximprimis/posters@main/shopify_thumbs/maps/Illustration/Harbor_Town_Street_Grid_thumb.jpg?v=1789644533527,1,,false,Harbor Town Street Grid | REXIMPRIMIS,"Discover the serene elegance of ""Harbor Town Street Grid,"" an intricately illustrated representation of urban architecture and layout. This artwork captures…",,,,,,,,,,,https://cdn.jsdelivr.net/gh/reximprimis/posters@main/shopify_thumbs/maps/Illustration/Harbor_Town_Street_Grid_thumb.jpg?v=1789644533527,kg,,,active,
harbor-town-street-grid,,,,,,,,,Full Bleed,,,21 × 30 cm (A4),,,,,harbor-town-street-grid-full-21x30,0,,,deny,manual,26.00,52.00,true,true,,,,,,https://cdn.jsdelivr.net/gh/reximprimis/posters@main/shopify_thumbs/maps/Illustration/Harbor_Town_Street_Grid_ramka_thumb.jpg?v=1789644534239,2,,,,,,,,,,,,,,,https://cdn.jsdelivr.net/gh/reximprimis/posters@main/shopify_thumbs/maps/Illustration/Harbor_Town_Street_Grid_ramka_thumb.jpg?v=1789644534239,kg,,,,
harbor-town-street-grid,,,,,,,,,Full Bleed,,,30 × 40 cm (Medium),,,,,harbor-town-street-grid-full-30x40,0,,,deny,manual,43.00,86.00,true,true,,,,,,https://cdn.jsdelivr.net/gh/reximprimis/posters@main/shopify_thumbs/maps/Illustration/Harbor_Town_Street_Grid_mockup_frame.jpg?v=1789642804679,3,,,,,,,,,,,,,,,https://cdn.jsdelivr.net/gh/reximprimis/posters@main/shopify_thumbs/maps/Illustration/Harbor_Town_Street_Grid_mockup_frame.jpg?v=1789642804679,kg,,,,
harbor-town-street-grid,,,,,,,,,Full Bleed,,,40 × 50 cm (Large),,,,,harbor-town-street-grid-full-40x50,0,,,deny,manual,57.00,114.00,true,true,,,,,,https://cdn.jsdelivr.net/gh/reximprimis/posters@main/shopify_thumbs/maps/Illustration/Harbor_Town_Street_Grid_mockup_interior.jpg?v=1789642823894,4,,,,,,,,,,,,,,,https://cdn.jsdelivr.net/gh/reximprimis/posters@main/shopify_thumbs/maps/Illustration/Harbor_Town_Street_Grid_mockup_interior.jpg?v=1789642823894,kg,,,,
harbor-town-street-grid,,,,,,,,,Full Bleed,,,50 × 70 cm (Large),,,,,harbor-town-street-grid-full-50x70,0,,,deny,manual,71.00,142.00,true,true,,,,,,,,,,,,,,,,,,,,,,https://cdn.jsdelivr.net/gh/reximprimis/posters@main/shopify_thumbs/maps/Illustration/Harbor_Town_Street_Grid_thumb.jpg?v=1789644533527,kg,,,,
harbor-town-street-grid,,,,,,,,,White Border,,,13 × 18 cm (Small),,,,,harbor-town-street-grid-ramka-13x18,0,,,deny,manual,16.00,32.00,true,true,,,,,,,,,,,,,,,,,,,,,,https://cdn.jsdelivr.net/gh/reximprimis/posters@main/shopify_thumbs/maps/Illustration/Harbor_Town_Street_Grid_ramka_thumb.jpg?v=1789644534239,kg,,,,
harbor-town-street-grid,,,,,,,,,White Border,,,21 × 30 cm (A4),,,,,harbor-town-street-grid-ramka-21x30,0,,,deny,manual,26.00,52.00,true,true,,,,,,,,,,,,,,,,,,,,,,https://cdn.jsdelivr.net/gh/reximprimis/posters@main/shopify_thumbs/maps/Illustration/Harbor_Town_Street_Grid_ramka_thumb.jpg?v=1789644534239,kg,,,,
harbor-town-street-grid,,,,,,,,,White Border,,,30 × 40 cm (Medium),,,,,harbor-town-street-grid-ramka-30x40,0,,,deny,manual,43.00,86.00,true,true,,,,,,,,,,,,,,,,,,,,,,https://cdn.jsdelivr.net/gh/reximprimis/posters@main/shopify_thumbs/maps/Illustration/Harbor_Town_Street_Grid_ramka_thumb.jpg?v=1789644534239,kg,,,,
harbor-town-street-grid,,,,,,,,,White Border,,,40 × 50 cm (Large),,,,,harbor-town-street-grid-ramka-40x50,0,,,deny,manual,57.00,114.00,true,true,,,,,,,,,,,,,,,,,,,,,,https://cdn.jsdelivr.net/gh/reximprimis/posters@main/shopify_thumbs/maps/Illustration/Harbor_Town_Street_Grid_ramka_thumb.jpg?v=1789644534239,kg,,,,
harbor-town-street-grid,,,,,,,,,White Border,,,50 × 70 cm (Large),,,,,harbor-town-street-grid-ramka-50x70,0,,,deny,manual,71.00,142.00,true,true,,,,,,,,,,,,,,,,,,,,,,https://cdn.jsdelivr.net/gh/reximprimis/posters@main/shopify_thumbs/maps/Illustration/Harbor_Town_Street_Grid_ramka_thumb.jpg?v=1789644534239,kg,,,,
mountain-valley-topography,Mountain Valley Topography,"<p>Experience the serene beauty of ""Mountain Valley Topography,"" a refined line art depiction that captures the intricate contours of a tranquil landscape. This elegant composition invites contemplation, showcasing the delicate interplay between light and shadow across the undulating terrain. Perfectly suited for any interior, it adds a touch of sophistication while celebrating the natural world.</p>",REXIMPRIMIS,"Home & Garden > Decor > Artwork > Posters, Prints, & Visual Artwork",poster,"poster, category:maps, style:line-art, orientation:portrait, room:living-room, room:home-office, room:study, room:teen-room, size:13x18, size:21x30, size:30x40, size:40x50, size:50x70, collection:new-arrivals",true,Print Style,Full Bleed,,Size,13 × 18 cm (Small),,,,,mountain-valley-topography-full-13x18,0,,,deny,manual,16.00,32.00,true,true,,,,,,https://cdn.jsdelivr.net/gh/reximprimis/posters@main/shopify_thumbs/maps/Line%20art/Mountain_Valley_Topography_thumb.jpg?v=1789644534800,1,,false,Mountain Valley Topography | REXIMPRIMIS,"Experience the serene beauty of ""Mountain Valley Topography,"" a refined line art depiction that captures the intricate contours of a tranquil landscape. This…",,,,,,,,,,,https://cdn.jsdelivr.net/gh/reximprimis/posters@main/shopify_thumbs/maps/Line%20art/Mountain_Valley_Topography_thumb.jpg?v=1789644534800,kg,,,active,
mountain-valley-topography,,,,,,,,,Full Bleed,,,21 × 30 cm (A4),,,,,mountain-valley-topography-full-21x30,0,,,deny,manual,26.00,52.00,true,true,,,,,,https://cdn.jsdelivr.net/gh/reximprimis/posters@main/shopify_thumbs/maps/Line%20art/Mountain_Valley_Topography_ramka_thumb.jpg?v=1789644535392,2,,,,,,,,,,,,,,,https://cdn.jsdelivr.net/gh/reximprimis/posters@main/shopify_thumbs/maps/Line%20art/Mountain_Valley_Topography_ramka_thumb.jpg?v=1789644535392,kg,,,,
mountain-valley-topography,,,,,,,,,Full Bleed,,,30 × 40 cm (Medium),,,,,mountain-valley-topography-full-30x40,0,,,deny,manual,43.00,86.00,true,true,,,,,,https://cdn.jsdelivr.net/gh/reximprimis/posters@main/shopify_thumbs/maps/Line%20art/Mountain_Valley_Topography_mockup_frame.jpg?v=1789642858080,3,,,,,,,,,,,,,,,https://cdn.jsdelivr.net/gh/reximprimis/posters@main/shopify_thumbs/maps/Line%20art/Mountain_Valley_Topography_mockup_frame.jpg?v=1789642858080,kg,,,,
mountain-valley-topography,,,,,,,,,Full Bleed,,,40 × 50 cm (Large),,,,,mountain-valley-topography-full-40x50,0,,,deny,manual,57.00,114.00,true,true,,,,,,https://cdn.jsdelivr.net/gh/reximprimis/posters@main/shopify_thumbs/maps/Line%20art/Mountain_Valley_Topography_mockup_interior.jpg?v=1789642893722,4,,,,,,,,,,,,,,,https://cdn.jsdelivr.net/gh/reximprimis/posters@main/shopify_thumbs/maps/Line%20art/Mountain_Valley_Topography_mockup_interior.jpg?v=1789642893722,kg,,,,
mountain-valley-topography,,,,,,,,,Full Bleed,,,50 × 70 cm (Large),,,,,mountain-valley-topography-full-50x70,0,,,deny,manual,71.00,142.00,true,true,,,,,,,,,,,,,,,,,,,,,,https://cdn.jsdelivr.net/gh/reximprimis/posters@main/shopify_thumbs/maps/Line%20art/Mountain_Valley_Topography_thumb.jpg?v=1789644534800,kg,,,,
mountain-valley-topography,,,,,,,,,White Border,,,13 × 18 cm (Small),,,,,mountain-valley-topography-ramka-13x18,0,,,deny,manual,16.00,32.00,true,true,,,,,,,,,,,,,,,,,,,,,,https://cdn.jsdelivr.net/gh/reximprimis/posters@main/shopify_thumbs/maps/Line%20art/Mountain_Valley_Topography_ramka_thumb.jpg?v=1789644535392,kg,,,,
mountain-valley-topography,,,,,,,,,White Border,,,21 × 30 cm (A4),,,,,mountain-valley-topography-ramka-21x30,0,,,deny,manual,26.00,52.00,true,true,,,,,,,,,,,,,,,,,,,,,,https://cdn.jsdelivr.net/gh/reximprimis/posters@main/shopify_thumbs/maps/Line%20art/Mountain_Valley_Topography_ramka_thumb.jpg?v=1789644535392,kg,,,,
mountain-valley-topography,,,,,,,,,White Border,,,30 × 40 cm (Medium),,,,,mountain-valley-topography-ramka-30x40,0,,,deny,manual,43.00,86.00,true,true,,,,,,,,,,,,,,,,,,,,,,https://cdn.jsdelivr.net/gh/reximprimis/posters@main/shopify_thumbs/maps/Line%20art/Mountain_Valley_Topography_ramka_thumb.jpg?v=1789644535392,kg,,,,
mountain-valley-topography,,,,,,,,,White Border,,,40 × 50 cm (Large),,,,,mountain-valley-topography-ramka-40x50,0,,,deny,manual,57.00,114.00,true,true,,,,,,,,,,,,,,,,,,,,,,https://cdn.jsdelivr.net/gh/reximprimis/posters@main/shopify_thumbs/maps/Line%20art/Mountain_Valley_Topography_ramka_thumb.jpg?v=1789644535392,kg,,,,
mountain-valley-topography,,,,,,,,,White Border,,,50 × 70 cm (Large),,,,,mountain-valley-topography-ramka-50x70,0,,,deny,manual,71.00,142.00,true,true,,,,,,,,,,,,,,,,,,,,,,https://cdn.jsdelivr.net/gh/reximprimis/posters@main/shopify_thumbs/maps/Line%20art/Mountain_Valley_Topography_ramka_thumb.jpg?v=1789644535392,kg,,,,
historic-old-town-map,Historic Old Town Map,"<p>This exquisite line art poster captures the timeless essence of a historic old town, showcasing elegant contours and refined details that evoke a sense of nostalgia and discovery. The delicate composition invites the viewer to explore the intricate pathways and architectural charm of a bygone era, all rendered in a calming palette that enhances any interior space. Perfect for those who appreciate the beauty of cartography as art, this piece adds a touch of sophistication to your decor.</p>",REXIMPRIMIS,"Home & Garden > Decor > Artwork > Posters, Prints, & Visual Artwork",poster,"poster, category:maps, style:line-art, orientation:portrait, room:living-room, room:home-office, room:study, room:teen-room, size:13x18, size:21x30, size:30x40, size:40x50, size:50x70, collection:new-arrivals",true,Print Style,Full Bleed,,Size,13 × 18 cm (Small),,,,,historic-old-town-map-full-13x18,0,,,deny,manual,16.00,32.00,true,true,,,,,,https://cdn.jsdelivr.net/gh/reximprimis/posters@main/shopify_thumbs/maps/Line%20art/Historic_Old_Town_Map_thumb.jpg?v=1789644536045,1,,false,Historic Old Town Map | REXIMPRIMIS,"This exquisite line art poster captures the timeless essence of a historic old town, showcasing elegant contours and refined details that evoke a sense of…",,,,,,,,,,,https://cdn.jsdelivr.net/gh/reximprimis/posters@main/shopify_thumbs/maps/Line%20art/Historic_Old_Town_Map_thumb.jpg?v=1789644536045,kg,,,active,
historic-old-town-map,,,,,,,,,Full Bleed,,,21 × 30 cm (A4),,,,,historic-old-town-map-full-21x30,0,,,deny,manual,26.00,52.00,true,true,,,,,,https://cdn.jsdelivr.net/gh/reximprimis/posters@main/shopify_thumbs/maps/Line%20art/Historic_Old_Town_Map_ramka_thumb.jpg?v=1789644536793,2,,,,,,,,,,,,,,,https://cdn.jsdelivr.net/gh/reximprimis/posters@main/shopify_thumbs/maps/Line%20art/Historic_Old_Town_Map_ramka_thumb.jpg?v=1789644536793,kg,,,,
historic-old-town-map,,,,,,,,,Full Bleed,,,30 × 40 cm (Medium),,,,,historic-old-town-map-full-30x40,0,,,deny,manual,43.00,86.00,true,true,,,,,,https://cdn.jsdelivr.net/gh/reximprimis/posters@main/shopify_thumbs/maps/Line%20art/Historic_Old_Town_Map_mockup_frame.jpg?v=1789642930840,3,,,,,,,,,,,,,,,https://cdn.jsdelivr.net/gh/reximprimis/posters@main/shopify_thumbs/maps/Line%20art/Historic_Old_Town_Map_mockup_frame.jpg?v=1789642930840,kg,,,,
historic-old-town-map,,,,,,,,,Full Bleed,,,40 × 50 cm (Large),,,,,historic-old-town-map-full-40x50,0,,,deny,manual,57.00,114.00,true,true,,,,,,https://cdn.jsdelivr.net/gh/reximprimis/posters@main/shopify_thumbs/maps/Line%20art/Historic_Old_Town_Map_mockup_interior.jpg?v=1789642949214,4,,,,,,,,,,,,,,,https://cdn.jsdelivr.net/gh/reximprimis/posters@main/shopify_thumbs/maps/Line%20art/Historic_Old_Town_Map_mockup_interior.jpg?v=1789642949214,kg,,,,
historic-old-town-map,,,,,,,,,Full Bleed,,,50 × 70 cm (Large),,,,,historic-old-town-map-full-50x70,0,,,deny,manual,71.00,142.00,true,true,,,,,,,,,,,,,,,,,,,,,,https://cdn.jsdelivr.net/gh/reximprimis/posters@main/shopify_thumbs/maps/Line%20art/Historic_Old_Town_Map_thumb.jpg?v=1789644536045,kg,,,,
historic-old-town-map,,,,,,,,,White Border,,,13 × 18 cm (Small),,,,,historic-old-town-map-ramka-13x18,0,,,deny,manual,16.00,32.00,true,true,,,,,,,,,,,,,,,,,,,,,,https://cdn.jsdelivr.net/gh/reximprimis/posters@main/shopify_thumbs/maps/Line%20art/Historic_Old_Town_Map_ramka_thumb.jpg?v=1789644536793,kg,,,,
historic-old-town-map,,,,,,,,,White Border,,,21 × 30 cm (A4),,,,,historic-old-town-map-ramka-21x30,0,,,deny,manual,26.00,52.00,true,true,,,,,,,,,,,,,,,,,,,,,,https://cdn.jsdelivr.net/gh/reximprimis/posters@main/shopify_thumbs/maps/Line%20art/Historic_Old_Town_Map_ramka_thumb.jpg?v=1789644536793,kg,,,,
historic-old-town-map,,,,,,,,,White Border,,,30 × 40 cm (Medium),,,,,historic-old-town-map-ramka-30x40,0,,,deny,manual,43.00,86.00,true,true,,,,,,,,,,,,,,,,,,,,,,https://cdn.jsdelivr.net/gh/reximprimis/posters@main/shopify_thumbs/maps/Line%20art/Historic_Old_Town_Map_ramka_thumb.jpg?v=1789644536793,kg,,,,
historic-old-town-map,,,,,,,,,White Border,,,40 × 50 cm (Large),,,,,historic-old-town-map-ramka-40x50,0,,,deny,manual,57.00,114.00,true,true,,,,,,,,,,,,,,,,,,,,,,https://cdn.jsdelivr.net/gh/reximprimis/posters@main/shopify_thumbs/maps/Line%20art/Historic_Old_Town_Map_ramka_thumb.jpg?v=1789644536793,kg,,,,
historic-old-town-map,,,,,,,,,White Border,,,50 × 70 cm (Large),,,,,historic-old-town-map-ramka-50x70,0,,,deny,manual,71.00,142.00,true,true,,,,,,,,,,,,,,,,,,,,,,https://cdn.jsdelivr.net/gh/reximprimis/posters@main/shopify_thumbs/maps/Line%20art/Historic_Old_Town_Map_ramka_thumb.jpg?v=1789644536793,kg,,,,
river-delta-pattern,River Delta Pattern,"<p>Embodying the essence of a river delta, this minimalist artwork presents a serene and simplified silhouette that captures the intricate beauty of nature's waterways. Rendered in soft, muted neutrals and gentle tonal harmonies, the design invites calm reflection while seamlessly integrating into any space. The intentional use of negative space enhances its quiet luxury, making it a striking focal point for your decor.</p>",REXIMPRIMIS,"Home & Garden > Decor > Artwork > Posters, Prints, & Visual Artwork",poster,"poster, category:maps, style:minimalism, orientation:portrait, room:living-room, room:home-office, room:study, room:teen-room, size:13x18, size:21x30, size:30x40, size:40x50, size:50x70, collection:new-arrivals",true,Print Style,Full Bleed,,Size,13 × 18 cm (Small),,,,,river-delta-pattern-full-13x18,0,,,deny,manual,16.00,32.00,true,true,,,,,,https://cdn.jsdelivr.net/gh/reximprimis/posters@main/shopify_thumbs/maps/Minimalism/River_Delta_Pattern_thumb.jpg?v=1789644537277,1,,false,River Delta Pattern | REXIMPRIMIS,"Embodying the essence of a river delta, this minimalist artwork presents a serene and simplified silhouette that captures the intricate beauty of nature's…",,,,,,,,,,,https://cdn.jsdelivr.net/gh/reximprimis/posters@main/shopify_thumbs/maps/Minimalism/River_Delta_Pattern_thumb.jpg?v=1789644537277,kg,,,active,
river-delta-pattern,,,,,,,,,Full Bleed,,,21 × 30 cm (A4),,,,,river-delta-pattern-full-21x30,0,,,deny,manual,26.00,52.00,true,true,,,,,,https://cdn.jsdelivr.net/gh/reximprimis/posters@main/shopify_thumbs/maps/Minimalism/River_Delta_Pattern_ramka_thumb.jpg?v=1789644537805,2,,,,,,,,,,,,,,,https://cdn.jsdelivr.net/gh/reximprimis/posters@main/shopify_thumbs/maps/Minimalism/River_Delta_Pattern_ramka_thumb.jpg?v=1789644537805,kg,,,,
river-delta-pattern,,,,,,,,,Full Bleed,,,30 × 40 cm (Medium),,,,,river-delta-pattern-full-30x40,0,,,deny,manual,43.00,86.00,true,true,,,,,,https://cdn.jsdelivr.net/gh/reximprimis/posters@main/shopify_thumbs/maps/Minimalism/River_Delta_Pattern_mockup_frame.jpg?v=1789642967156,3,,,,,,,,,,,,,,,https://cdn.jsdelivr.net/gh/reximprimis/posters@main/shopify_thumbs/maps/Minimalism/River_Delta_Pattern_mockup_frame.jpg?v=1789642967156,kg,,,,
river-delta-pattern,,,,,,,,,Full Bleed,,,40 × 50 cm (Large),,,,,river-delta-pattern-full-40x50,0,,,deny,manual,57.00,114.00,true,true,,,,,,https://cdn.jsdelivr.net/gh/reximprimis/posters@main/shopify_thumbs/maps/Minimalism/River_Delta_Pattern_mockup_interior.jpg?v=1789642986718,4,,,,,,,,,,,,,,,https://cdn.jsdelivr.net/gh/reximprimis/posters@main/shopify_thumbs/maps/Minimalism/River_Delta_Pattern_mockup_interior.jpg?v=1789642986718,kg,,,,
river-delta-pattern,,,,,,,,,Full Bleed,,,50 × 70 cm (Large),,,,,river-delta-pattern-full-50x70,0,,,deny,manual,71.00,142.00,true,true,,,,,,,,,,,,,,,,,,,,,,https://cdn.jsdelivr.net/gh/reximprimis/posters@main/shopify_thumbs/maps/Minimalism/River_Delta_Pattern_thumb.jpg?v=1789644537277,kg,,,,
river-delta-pattern,,,,,,,,,White Border,,,13 × 18 cm (Small),,,,,river-delta-pattern-ramka-13x18,0,,,deny,manual,16.00,32.00,true,true,,,,,,,,,,,,,,,,,,,,,,https://cdn.jsdelivr.net/gh/reximprimis/posters@main/shopify_thumbs/maps/Minimalism/River_Delta_Pattern_ramka_thumb.jpg?v=1789644537805,kg,,,,
river-delta-pattern,,,,,,,,,White Border,,,21 × 30 cm (A4),,,,,river-delta-pattern-ramka-21x30,0,,,deny,manual,26.00,52.00,true,true,,,,,,,,,,,,,,,,,,,,,,https://cdn.jsdelivr.net/gh/reximprimis/posters@main/shopify_thumbs/maps/Minimalism/River_Delta_Pattern_ramka_thumb.jpg?v=1789644537805,kg,,,,
river-delta-pattern,,,,,,,,,White Border,,,30 × 40 cm (Medium),,,,,river-delta-pattern-ramka-30x40,0,,,deny,manual,43.00,86.00,true,true,,,,,,,,,,,,,,,,,,,,,,https://cdn.jsdelivr.net/gh/reximprimis/posters@main/shopify_thumbs/maps/Minimalism/River_Delta_Pattern_ramka_thumb.jpg?v=1789644537805,kg,,,,
river-delta-pattern,,,,,,,,,White Border,,,40 × 50 cm (Large),,,,,river-delta-pattern-ramka-40x50,0,,,deny,manual,57.00,114.00,true,true,,,,,,,,,,,,,,,,,,,,,,https://cdn.jsdelivr.net/gh/reximprimis/posters@main/shopify_thumbs/maps/Minimalism/River_Delta_Pattern_ramka_thumb.jpg?v=1789644537805,kg,,,,
river-delta-pattern,,,,,,,,,White Border,,,50 × 70 cm (Large),,,,,river-delta-pattern-ramka-50x70,0,,,deny,manual,71.00,142.00,true,true,,,,,,,,,,,,,,,,,,,,,,https://cdn.jsdelivr.net/gh/reximprimis/posters@main/shopify_thumbs/maps/Minimalism/River_Delta_Pattern_ramka_thumb.jpg?v=1789644537805,kg,,,,
island-archipelago-outline,Island Archipelago Outline,"<p>Embrace a serene aesthetic with ""Island Archipelago Outline,"" an abstract composition that captures the essence of layered forms and soft, faded color fields. This artwork invites contemplation through its warm palette of cream, muted terracotta, and gentle teal, evoking a sense of nostalgia and calm. The elegant interplay of shapes and textures creates a harmonious visual experience, perfect for enhancing any interior space.</p>",REXIMPRIMIS,"Home & Garden > Decor > Artwork > Posters, Prints, & Visual Artwork",poster,"poster, category:maps, style:abstract, orientation:portrait, room:living-room, room:home-office, room:study, room:teen-room, size:13x18, size:21x30, size:30x40, size:40x50, size:50x70, collection:new-arrivals",true,Print Style,Full Bleed,,Size,13 × 18 cm (Small),,,,,island-archipelago-outline-full-13x18,0,,,deny,manual,16.00,32.00,true,true,,,,,,https://cdn.jsdelivr.net/gh/reximprimis/posters@main/shopify_thumbs/maps/Abstract/Island_Archipelago_Outline_thumb.jpg?v=1789644538310,1,,false,Island Archipelago Outline | REXIMPRIMIS,"Embrace a serene aesthetic with ""Island Archipelago Outline,"" an abstract composition that captures the essence of layered forms and soft, faded color fields…",,,,,,,,,,,https://cdn.jsdelivr.net/gh/reximprimis/posters@main/shopify_thumbs/maps/Abstract/Island_Archipelago_Outline_thumb.jpg?v=1789644538310,kg,,,active,
island-archipelago-outline,,,,,,,,,Full Bleed,,,21 × 30 cm (A4),,,,,island-archipelago-outline-full-21x30,0,,,deny,manual,26.00,52.00,true,true,,,,,,https://cdn.jsdelivr.net/gh/reximprimis/posters@main/shopify_thumbs/maps/Abstract/Island_Archipelago_Outline_ramka_thumb.jpg?v=1789644538938,2,,,,,,,,,,,,,,,https://cdn.jsdelivr.net/gh/reximprimis/posters@main/shopify_thumbs/maps/Abstract/Island_Archipelago_Outline_ramka_thumb.jpg?v=1789644538938,kg,,,,
island-archipelago-outline,,,,,,,,,Full Bleed,,,30 × 40 cm (Medium),,,,,island-archipelago-outline-full-30x40,0,,,deny,manual,43.00,86.00,true,true,,,,,,https://cdn.jsdelivr.net/gh/reximprimis/posters@main/shopify_thumbs/maps/Abstract/Island_Archipelago_Outline_mockup_frame.jpg?v=1789643004894,3,,,,,,,,,,,,,,,https://cdn.jsdelivr.net/gh/reximprimis/posters@main/shopify_thumbs/maps/Abstract/Island_Archipelago_Outline_mockup_frame.jpg?v=1789643004894,kg,,,,
island-archipelago-outline,,,,,,,,,Full Bleed,,,40 × 50 cm (Large),,,,,island-archipelago-outline-full-40x50,0,,,deny,manual,57.00,114.00,true,true,,,,,,https://cdn.jsdelivr.net/gh/reximprimis/posters@main/shopify_thumbs/maps/Abstract/Island_Archipelago_Outline_mockup_interior.jpg?v=1789643021828,4,,,,,,,,,,,,,,,https://cdn.jsdelivr.net/gh/reximprimis/posters@main/shopify_thumbs/maps/Abstract/Island_Archipelago_Outline_mockup_interior.jpg?v=1789643021828,kg,,,,
island-archipelago-outline,,,,,,,,,Full Bleed,,,50 × 70 cm (Large),,,,,island-archipelago-outline-full-50x70,0,,,deny,manual,71.00,142.00,true,true,,,,,,,,,,,,,,,,,,,,,,https://cdn.jsdelivr.net/gh/reximprimis/posters@main/shopify_thumbs/maps/Abstract/Island_Archipelago_Outline_thumb.jpg?v=1789644538310,kg,,,,
island-archipelago-outline,,,,,,,,,White Border,,,13 × 18 cm (Small),,,,,island-archipelago-outline-ramka-13x18,0,,,deny,manual,16.00,32.00,true,true,,,,,,,,,,,,,,,,,,,,,,https://cdn.jsdelivr.net/gh/reximprimis/posters@main/shopify_thumbs/maps/Abstract/Island_Archipelago_Outline_ramka_thumb.jpg?v=1789644538938,kg,,,,
island-archipelago-outline,,,,,,,,,White Border,,,21 × 30 cm (A4),,,,,island-archipelago-outline-ramka-21x30,0,,,deny,manual,26.00,52.00,true,true,,,,,,,,,,,,,,,,,,,,,,https://cdn.jsdelivr.net/gh/reximprimis/posters@main/shopify_thumbs/maps/Abstract/Island_Archipelago_Outline_ramka_thumb.jpg?v=1789644538938,kg,,,,
island-archipelago-outline,,,,,,,,,White Border,,,30 × 40 cm (Medium),,,,,island-archipelago-outline-ramka-30x40,0,,,deny,manual,43.00,86.00,true,true,,,,,,,,,,,,,,,,,,,,,,https://cdn.jsdelivr.net/gh/reximprimis/posters@main/shopify_thumbs/maps/Abstract/Island_Archipelago_Outline_ramka_thumb.jpg?v=1789644538938,kg,,,,
island-archipelago-outline,,,,,,,,,White Border,,,40 × 50 cm (Large),,,,,island-archipelago-outline-ramka-40x50,0,,,deny,manual,57.00,114.00,true,true,,,,,,,,,,,,,,,,,,,,,,https://cdn.jsdelivr.net/gh/reximprimis/posters@main/shopify_thumbs/maps/Abstract/Island_Archipelago_Outline_ramka_thumb.jpg?v=1789644538938,kg,,,,
island-archipelago-outline,,,,,,,,,White Border,,,50 × 70 cm (Large),,,,,island-archipelago-outline-ramka-50x70,0,,,deny,manual,71.00,142.00,true,true,,,,,,,,,,,,,,,,,,,,,,https://cdn.jsdelivr.net/gh/reximprimis/posters@main/shopify_thumbs/maps/Abstract/Island_Archipelago_Outline_ramka_thumb.jpg?v=1789644538938,kg,,,,
spiral-staircase-shadows,Spiral Staircase Shadows,"<p>Experience the serene beauty of architectural elegance with ""Spiral Staircase Shadows."" This captivating photograph captures the interplay of light and shadow as it gracefully dances along the curves of a spiral staircase, inviting a moment of reflection. The clean composition and soft palette create a tranquil atmosphere, perfect for enhancing any interior space.</p>",REXIMPRIMIS,"Home & Garden > Decor > Artwork > Posters, Prints, & Visual Artwork",poster,"poster, category:architecture, style:photography, orientation:portrait, room:living-room, room:home-office, room:study, room:teen-room, size:13x18, size:21x30, size:30x40, size:40x50, size:50x70, collection:new-arrivals",true,Print Style,Full Bleed,,Size,13 × 18 cm (Small),,,,,spiral-staircase-shadows-full-13x18,0,,,deny,manual,16.00,32.00,true,true,,,,,,https://cdn.jsdelivr.net/gh/reximprimis/posters@main/shopify_thumbs/architecture/Photography/Spiral_Staircase_Shadows_thumb.jpg?v=1789644539448,1,,false,Spiral Staircase Shadows | REXIMPRIMIS,"Experience the serene beauty of architectural elegance with ""Spiral Staircase Shadows."" This captivating photograph captures the interplay of light and shadow…",,,,,,,,,,,https://cdn.jsdelivr.net/gh/reximprimis/posters@main/shopify_thumbs/architecture/Photography/Spiral_Staircase_Shadows_thumb.jpg?v=1789644539448,kg,,,active,
spiral-staircase-shadows,,,,,,,,,Full Bleed,,,21 × 30 cm (A4),,,,,spiral-staircase-shadows-full-21x30,0,,,deny,manual,26.00,52.00,true,true,,,,,,https://cdn.jsdelivr.net/gh/reximprimis/posters@main/shopify_thumbs/architecture/Photography/Spiral_Staircase_Shadows_ramka_thumb.jpg?v=1789644539923,2,,,,,,,,,,,,,,,https://cdn.jsdelivr.net/gh/reximprimis/posters@main/shopify_thumbs/architecture/Photography/Spiral_Staircase_Shadows_ramka_thumb.jpg?v=1789644539923,kg,,,,
spiral-staircase-shadows,,,,,,,,,Full Bleed,,,30 × 40 cm (Medium),,,,,spiral-staircase-shadows-full-30x40,0,,,deny,manual,43.00,86.00,true,true,,,,,,https://cdn.jsdelivr.net/gh/reximprimis/posters@main/shopify_thumbs/architecture/Photography/Spiral_Staircase_Shadows_mockup_frame.jpg?v=1789643118039,3,,,,,,,,,,,,,,,https://cdn.jsdelivr.net/gh/reximprimis/posters@main/shopify_thumbs/architecture/Photography/Spiral_Staircase_Shadows_mockup_frame.jpg?v=1789643118039,kg,,,,
spiral-staircase-shadows,,,,,,,,,Full Bleed,,,40 × 50 cm (Large),,,,,spiral-staircase-shadows-full-40x50,0,,,deny,manual,57.00,114.00,true,true,,,,,,https://cdn.jsdelivr.net/gh/reximprimis/posters@main/shopify_thumbs/architecture/Photography/Spiral_Staircase_Shadows_mockup_interior.jpg?v=1789643135438,4,,,,,,,,,,,,,,,https://cdn.jsdelivr.net/gh/reximprimis/posters@main/shopify_thumbs/architecture/Photography/Spiral_Staircase_Shadows_mockup_interior.jpg?v=1789643135438,kg,,,,
spiral-staircase-shadows,,,,,,,,,Full Bleed,,,50 × 70 cm (Large),,,,,spiral-staircase-shadows-full-50x70,0,,,deny,manual,71.00,142.00,true,true,,,,,,,,,,,,,,,,,,,,,,https://cdn.jsdelivr.net/gh/reximprimis/posters@main/shopify_thumbs/architecture/Photography/Spiral_Staircase_Shadows_thumb.jpg?v=1789644539448,kg,,,,
spiral-staircase-shadows,,,,,,,,,White Border,,,13 × 18 cm (Small),,,,,spiral-staircase-shadows-ramka-13x18,0,,,deny,manual,16.00,32.00,true,true,,,,,,,,,,,,,,,,,,,,,,https://cdn.jsdelivr.net/gh/reximprimis/posters@main/shopify_thumbs/architecture/Photography/Spiral_Staircase_Shadows_ramka_thumb.jpg?v=1789644539923,kg,,,,
spiral-staircase-shadows,,,,,,,,,White Border,,,21 × 30 cm (A4),,,,,spiral-staircase-shadows-ramka-21x30,0,,,deny,manual,26.00,52.00,true,true,,,,,,,,,,,,,,,,,,,,,,https://cdn.jsdelivr.net/gh/reximprimis/posters@main/shopify_thumbs/architecture/Photography/Spiral_Staircase_Shadows_ramka_thumb.jpg?v=1789644539923,kg,,,,
spiral-staircase-shadows,,,,,,,,,White Border,,,30 × 40 cm (Medium),,,,,spiral-staircase-shadows-ramka-30x40,0,,,deny,manual,43.00,86.00,true,true,,,,,,,,,,,,,,,,,,,,,,https://cdn.jsdelivr.net/gh/reximprimis/posters@main/shopify_thumbs/architecture/Photography/Spiral_Staircase_Shadows_ramka_thumb.jpg?v=1789644539923,kg,,,,
spiral-staircase-shadows,,,,,,,,,White Border,,,40 × 50 cm (Large),,,,,spiral-staircase-shadows-ramka-40x50,0,,,deny,manual,57.00,114.00,true,true,,,,,,,,,,,,,,,,,,,,,,https://cdn.jsdelivr.net/gh/reximprimis/posters@main/shopify_thumbs/architecture/Photography/Spiral_Staircase_Shadows_ramka_thumb.jpg?v=1789644539923,kg,,,,
spiral-staircase-shadows,,,,,,,,,White Border,,,50 × 70 cm (Large),,,,,spiral-staircase-shadows-ramka-50x70,0,,,deny,manual,71.00,142.00,true,true,,,,,,,,,,,,,,,,,,,,,,https://cdn.jsdelivr.net/gh/reximprimis/posters@main/shopify_thumbs/architecture/Photography/Spiral_Staircase_Shadows_ramka_thumb.jpg?v=1789644539923,kg,,,,
brutalist-facade-study,Brutalist Facade Study,"<p>This striking photographic study captures the essence of brutalist architecture, showcasing a meticulously composed facade that emphasizes clean lines and geometric forms. The interplay of natural light and shadow enhances the stark beauty of the structure, inviting contemplation and appreciation of its bold simplicity. With a calm palette and generous negative space, this piece serves as a sophisticated addition to any interior, celebrating the often-overlooked artistry of urban design.</p>",REXIMPRIMIS,"Home & Garden > Decor > Artwork > Posters, Prints, & Visual Artwork",poster,"poster, category:architecture, style:photography, orientation:portrait, room:living-room, room:home-office, room:study, room:teen-room, size:13x18, size:21x30, size:30x40, size:40x50, size:50x70, collection:new-arrivals",true,Print Style,Full Bleed,,Size,13 × 18 cm (Small),,,,,brutalist-facade-study-full-13x18,0,,,deny,manual,16.00,32.00,true,true,,,,,,https://cdn.jsdelivr.net/gh/reximprimis/posters@main/shopify_thumbs/architecture/Photography/Brutalist_Facade_Study_thumb.jpg?v=1789644540383,1,,false,Brutalist Facade Study | REXIMPRIMIS,"This striking photographic study captures the essence of brutalist architecture, showcasing a meticulously composed facade that emphasizes clean lines and…",,,,,,,,,,,https://cdn.jsdelivr.net/gh/reximprimis/posters@main/shopify_thumbs/architecture/Photography/Brutalist_Facade_Study_thumb.jpg?v=1789644540383,kg,,,active,
brutalist-facade-study,,,,,,,,,Full Bleed,,,21 × 30 cm (A4),,,,,brutalist-facade-study-full-21x30,0,,,deny,manual,26.00,52.00,true,true,,,,,,https://cdn.jsdelivr.net/gh/reximprimis/posters@main/shopify_thumbs/architecture/Photography/Brutalist_Facade_Study_ramka_thumb.jpg?v=1789644540903,2,,,,,,,,,,,,,,,https://cdn.jsdelivr.net/gh/reximprimis/posters@main/shopify_thumbs/architecture/Photography/Brutalist_Facade_Study_ramka_thumb.jpg?v=1789644540903,kg,,,,
brutalist-facade-study,,,,,,,,,Full Bleed,,,30 × 40 cm (Medium),,,,,brutalist-facade-study-full-30x40,0,,,deny,manual,43.00,86.00,true,true,,,,,,https://cdn.jsdelivr.net/gh/reximprimis/posters@main/shopify_thumbs/architecture/Photography/Brutalist_Facade_Study_mockup_frame.jpg?v=1789643153191,3,,,,,,,,,,,,,,,https://cdn.jsdelivr.net/gh/reximprimis/posters@main/shopify_thumbs/architecture/Photography/Brutalist_Facade_Study_mockup_frame.jpg?v=1789643153191,kg,,,,
brutalist-facade-study,,,,,,,,,Full Bleed,,,40 × 50 cm (Large),,,,,brutalist-facade-study-full-40x50,0,,,deny,manual,57.00,114.00,true,true,,,,,,https://cdn.jsdelivr.net/gh/reximprimis/posters@main/shopify_thumbs/architecture/Photography/Brutalist_Facade_Study_mockup_interior.jpg?v=1789643170727,4,,,,,,,,,,,,,,,https://cdn.jsdelivr.net/gh/reximprimis/posters@main/shopify_thumbs/architecture/Photography/Brutalist_Facade_Study_mockup_interior.jpg?v=1789643170727,kg,,,,
brutalist-facade-study,,,,,,,,,Full Bleed,,,50 × 70 cm (Large),,,,,brutalist-facade-study-full-50x70,0,,,deny,manual,71.00,142.00,true,true,,,,,,,,,,,,,,,,,,,,,,https://cdn.jsdelivr.net/gh/reximprimis/posters@main/shopify_thumbs/architecture/Photography/Brutalist_Facade_Study_thumb.jpg?v=1789644540383,kg,,,,
brutalist-facade-study,,,,,,,,,White Border,,,13 × 18 cm (Small),,,,,brutalist-facade-study-ramka-13x18,0,,,deny,manual,16.00,32.00,true,true,,,,,,,,,,,,,,,,,,,,,,https://cdn.jsdelivr.net/gh/reximprimis/posters@main/shopify_thumbs/architecture/Photography/Brutalist_Facade_Study_ramka_thumb.jpg?v=1789644540903,kg,,,,
brutalist-facade-study,,,,,,,,,White Border,,,21 × 30 cm (A4),,,,,brutalist-facade-study-ramka-21x30,0,,,deny,manual,26.00,52.00,true,true,,,,,,,,,,,,,,,,,,,,,,https://cdn.jsdelivr.net/gh/reximprimis/posters@main/shopify_thumbs/architecture/Photography/Brutalist_Facade_Study_ramka_thumb.jpg?v=1789644540903,kg,,,,
brutalist-facade-study,,,,,,,,,White Border,,,30 × 40 cm (Medium),,,,,brutalist-facade-study-ramka-30x40,0,,,deny,manual,43.00,86.00,true,true,,,,,,,,,,,,,,,,,,,,,,https://cdn.jsdelivr.net/gh/reximprimis/posters@main/shopify_thumbs/architecture/Photography/Brutalist_Facade_Study_ramka_thumb.jpg?v=1789644540903,kg,,,,
brutalist-facade-study,,,,,,,,,White Border,,,40 × 50 cm (Large),,,,,brutalist-facade-study-ramka-40x50,0,,,deny,manual,57.00,114.00,true,true,,,,,,,,,,,,,,,,,,,,,,https://cdn.jsdelivr.net/gh/reximprimis/posters@main/shopify_thumbs/architecture/Photography/Brutalist_Facade_Study_ramka_thumb.jpg?v=1789644540903,kg,,,,
brutalist-facade-study,,,,,,,,,White Border,,,50 × 70 cm (Large),,,,,brutalist-facade-study-ramka-50x70,0,,,deny,manual,71.00,142.00,true,true,,,,,,,,,,,,,,,,,,,,,,https://cdn.jsdelivr.net/gh/reximprimis/posters@main/shopify_thumbs/architecture/Photography/Brutalist_Facade_Study_ramka_thumb.jpg?v=1789644540903,kg,,,,
foggy-skyline-at-dawn,Foggy Skyline at Dawn,"<p>Awash in soft hues of dawn, this photograph captures a serene skyline shrouded in gentle fog, evoking a sense of tranquility and quiet reflection. The composition beautifully balances the architectural forms against a backdrop of muted colors, inviting viewers to lose themselves in the calm of an early morning cityscape. Perfect for adding a touch of elegance and peace to your space, this piece resonates with the promise of a new day.</p>",REXIMPRIMIS,"Home & Garden > Decor > Artwork > Posters, Prints, & Visual Artwork",poster,"poster, category:cities-travel, style:photography, orientation:portrait, room:living-room, room:home-office, room:study, room:teen-room, room:bedroom, room:bathroom, size:13x18, size:21x30, size:30x40, size:40x50, size:50x70, collection:new-arrivals",true,Print Style,Full Bleed,,Size,13 × 18 cm (Small),,,,,foggy-skyline-at-dawn-full-13x18,0,,,deny,manual,16.00,32.00,true,true,,,,,,https://cdn.jsdelivr.net/gh/reximprimis/posters@main/shopify_thumbs/cities-travel/photography/Foggy_Skyline_at_Dawn_thumb.jpg?v=1789644541365,1,,false,Foggy Skyline at Dawn | REXIMPRIMIS,"Awash in soft hues of dawn, this photograph captures a serene skyline shrouded in gentle fog, evoking a sense of tranquility and quiet reflection. The…",,,,,,,,,,,https://cdn.jsdelivr.net/gh/reximprimis/posters@main/shopify_thumbs/cities-travel/photography/Foggy_Skyline_at_Dawn_thumb.jpg?v=1789644541365,kg,,,active,
foggy-skyline-at-dawn,,,,,,,,,Full Bleed,,,21 × 30 cm (A4),,,,,foggy-skyline-at-dawn-full-21x30,0,,,deny,manual,26.00,52.00,true,true,,,,,,https://cdn.jsdelivr.net/gh/reximprimis/posters@main/shopify_thumbs/cities-travel/photography/Foggy_Skyline_at_Dawn_ramka_thumb.jpg?v=1789644541814,2,,,,,,,,,,,,,,,https://cdn.jsdelivr.net/gh/reximprimis/posters@main/shopify_thumbs/cities-travel/photography/Foggy_Skyline_at_Dawn_ramka_thumb.jpg?v=1789644541814,kg,,,,
foggy-skyline-at-dawn,,,,,,,,,Full Bleed,,,30 × 40 cm (Medium),,,,,foggy-skyline-at-dawn-full-30x40,0,,,deny,manual,43.00,86.00,true,true,,,,,,https://cdn.jsdelivr.net/gh/reximprimis/posters@main/shopify_thumbs/cities-travel/photography/Foggy_Skyline_at_Dawn_mockup_frame.jpg?v=1789643187246,3,,,,,,,,,,,,,,,https://cdn.jsdelivr.net/gh/reximprimis/posters@main/shopify_thumbs/cities-travel/photography/Foggy_Skyline_at_Dawn_mockup_frame.jpg?v=1789643187246,kg,,,,
foggy-skyline-at-dawn,,,,,,,,,Full Bleed,,,40 × 50 cm (Large),,,,,foggy-skyline-at-dawn-full-40x50,0,,,deny,manual,57.00,114.00,true,true,,,,,,https://cdn.jsdelivr.net/gh/reximprimis/posters@main/shopify_thumbs/cities-travel/photography/Foggy_Skyline_at_Dawn_mockup_interior.jpg?v=1789643209472,4,,,,,,,,,,,,,,,https://cdn.jsdelivr.net/gh/reximprimis/posters@main/shopify_thumbs/cities-travel/photography/Foggy_Skyline_at_Dawn_mockup_interior.jpg?v=1789643209472,kg,,,,
foggy-skyline-at-dawn,,,,,,,,,Full Bleed,,,50 × 70 cm (Large),,,,,foggy-skyline-at-dawn-full-50x70,0,,,deny,manual,71.00,142.00,true,true,,,,,,,,,,,,,,,,,,,,,,https://cdn.jsdelivr.net/gh/reximprimis/posters@main/shopify_thumbs/cities-travel/photography/Foggy_Skyline_at_Dawn_thumb.jpg?v=1789644541365,kg,,,,
foggy-skyline-at-dawn,,,,,,,,,White Border,,,13 × 18 cm (Small),,,,,foggy-skyline-at-dawn-ramka-13x18,0,,,deny,manual,16.00,32.00,true,true,,,,,,,,,,,,,,,,,,,,,,https://cdn.jsdelivr.net/gh/reximprimis/posters@main/shopify_thumbs/cities-travel/photography/Foggy_Skyline_at_Dawn_ramka_thumb.jpg?v=1789644541814,kg,,,,
foggy-skyline-at-dawn,,,,,,,,,White Border,,,21 × 30 cm (A4),,,,,foggy-skyline-at-dawn-ramka-21x30,0,,,deny,manual,26.00,52.00,true,true,,,,,,,,,,,,,,,,,,,,,,https://cdn.jsdelivr.net/gh/reximprimis/posters@main/shopify_thumbs/cities-travel/photography/Foggy_Skyline_at_Dawn_ramka_thumb.jpg?v=1789644541814,kg,,,,
foggy-skyline-at-dawn,,,,,,,,,White Border,,,30 × 40 cm (Medium),,,,,foggy-skyline-at-dawn-ramka-30x40,0,,,deny,manual,43.00,86.00,true,true,,,,,,,,,,,,,,,,,,,,,,https://cdn.jsdelivr.net/gh/reximprimis/posters@main/shopify_thumbs/cities-travel/photography/Foggy_Skyline_at_Dawn_ramka_thumb.jpg?v=1789644541814,kg,,,,
foggy-skyline-at-dawn,,,,,,,,,White Border,,,40 × 50 cm (Large),,,,,foggy-skyline-at-dawn-ramka-40x50,0,,,deny,manual,57.00,114.00,true,true,,,,,,,,,,,,,,,,,,,,,,https://cdn.jsdelivr.net/gh/reximprimis/posters@main/shopify_thumbs/cities-travel/photography/Foggy_Skyline_at_Dawn_ramka_thumb.jpg?v=1789644541814,kg,,,,
foggy-skyline-at-dawn,,,,,,,,,White Border,,,50 × 70 cm (Large),,,,,foggy-skyline-at-dawn-ramka-50x70,0,,,deny,manual,71.00,142.00,true,true,,,,,,,,,,,,,,,,,,,,,,https://cdn.jsdelivr.net/gh/reximprimis/posters@main/shopify_thumbs/cities-travel/photography/Foggy_Skyline_at_Dawn_ramka_thumb.jpg?v=1789644541814,kg,,,,
rainy-city-street,Rainy City Street,"<p>Experience the tranquil essence of urban life with ""Rainy City Street,"" a striking photographic portrayal of a cityscape gently enveloped in the soft embrace of rain. The composition captures the serene interplay of light and shadow, highlighting the architectural details that define this atmospheric scene. With a muted palette that reflects the calmness of a rainy day, this artwork invites you to immerse yourself in the beauty of a moment where nature and city coexist harmoniously.</p>",REXIMPRIMIS,"Home & Garden > Decor > Artwork > Posters, Prints, & Visual Artwork",poster,"poster, category:cities-travel, style:photography, orientation:portrait, room:living-room, room:home-office, room:study, room:teen-room, room:bedroom, room:bathroom, size:13x18, size:21x30, size:30x40, size:40x50, size:50x70, collection:new-arrivals",true,Print Style,Full Bleed,,Size,13 × 18 cm (Small),,,,,rainy-city-street-full-13x18,0,,,deny,manual,16.00,32.00,true,true,,,,,,https://cdn.jsdelivr.net/gh/reximprimis/posters@main/shopify_thumbs/cities-travel/photography/Rainy_City_Street_thumb.jpg?v=1789644542328,1,,false,Rainy City Street | REXIMPRIMIS,"Experience the tranquil essence of urban life with ""Rainy City Street,"" a striking photographic portrayal of a cityscape gently enveloped in the soft embrace…",,,,,,,,,,,https://cdn.jsdelivr.net/gh/reximprimis/posters@main/shopify_thumbs/cities-travel/photography/Rainy_City_Street_thumb.jpg?v=1789644542328,kg,,,active,
rainy-city-street,,,,,,,,,Full Bleed,,,21 × 30 cm (A4),,,,,rainy-city-street-full-21x30,0,,,deny,manual,26.00,52.00,true,true,,,,,,https://cdn.jsdelivr.net/gh/reximprimis/posters@main/shopify_thumbs/cities-travel/photography/Rainy_City_Street_ramka_thumb.jpg?v=1789644542935,2,,,,,,,,,,,,,,,https://cdn.jsdelivr.net/gh/reximprimis/posters@main/shopify_thumbs/cities-travel/photography/Rainy_City_Street_ramka_thumb.jpg?v=1789644542935,kg,,,,
rainy-city-street,,,,,,,,,Full Bleed,,,30 × 40 cm (Medium),,,,,rainy-city-street-full-30x40,0,,,deny,manual,43.00,86.00,true,true,,,,,,https://cdn.jsdelivr.net/gh/reximprimis/posters@main/shopify_thumbs/cities-travel/photography/Rainy_City_Street_mockup_frame.jpg?v=1789643228053,3,,,,,,,,,,,,,,,https://cdn.jsdelivr.net/gh/reximprimis/posters@main/shopify_thumbs/cities-travel/photography/Rainy_City_Street_mockup_frame.jpg?v=1789643228053,kg,,,,
rainy-city-street,,,,,,,,,Full Bleed,,,40 × 50 cm (Large),,,,,rainy-city-street-full-40x50,0,,,deny,manual,57.00,114.00,true,true,,,,,,https://cdn.jsdelivr.net/gh/reximprimis/posters@main/shopify_thumbs/cities-travel/photography/Rainy_City_Street_mockup_interior.jpg?v=1789643249082,4,,,,,,,,,,,,,,,https://cdn.jsdelivr.net/gh/reximprimis/posters@main/shopify_thumbs/cities-travel/photography/Rainy_City_Street_mockup_interior.jpg?v=1789643249082,kg,,,,
rainy-city-street,,,,,,,,,Full Bleed,,,50 × 70 cm (Large),,,,,rainy-city-street-full-50x70,0,,,deny,manual,71.00,142.00,true,true,,,,,,,,,,,,,,,,,,,,,,https://cdn.jsdelivr.net/gh/reximprimis/posters@main/shopify_thumbs/cities-travel/photography/Rainy_City_Street_thumb.jpg?v=1789644542328,kg,,,,
rainy-city-street,,,,,,,,,White Border,,,13 × 18 cm (Small),,,,,rainy-city-street-ramka-13x18,0,,,deny,manual,16.00,32.00,true,true,,,,,,,,,,,,,,,,,,,,,,https://cdn.jsdelivr.net/gh/reximprimis/posters@main/shopify_thumbs/cities-travel/photography/Rainy_City_Street_ramka_thumb.jpg?v=1789644542935,kg,,,,
rainy-city-street,,,,,,,,,White Border,,,21 × 30 cm (A4),,,,,rainy-city-street-ramka-21x30,0,,,deny,manual,26.00,52.00,true,true,,,,,,,,,,,,,,,,,,,,,,https://cdn.jsdelivr.net/gh/reximprimis/posters@main/shopify_thumbs/cities-travel/photography/Rainy_City_Street_ramka_thumb.jpg?v=1789644542935,kg,,,,
rainy-city-street,,,,,,,,,White Border,,,30 × 40 cm (Medium),,,,,rainy-city-street-ramka-30x40,0,,,deny,manual,43.00,86.00,true,true,,,,,,,,,,,,,,,,,,,,,,https://cdn.jsdelivr.net/gh/reximprimis/posters@main/shopify_thumbs/cities-travel/photography/Rainy_City_Street_ramka_thumb.jpg?v=1789644542935,kg,,,,
rainy-city-street,,,,,,,,,White Border,,,40 × 50 cm (Large),,,,,rainy-city-street-ramka-40x50,0,,,deny,manual,57.00,114.00,true,true,,,,,,,,,,,,,,,,,,,,,,https://cdn.jsdelivr.net/gh/reximprimis/posters@main/shopify_thumbs/cities-travel/photography/Rainy_City_Street_ramka_thumb.jpg?v=1789644542935,kg,,,,
rainy-city-street,,,,,,,,,White Border,,,50 × 70 cm (Large),,,,,rainy-city-street-ramka-50x70,0,,,deny,manual,71.00,142.00,true,true,,,,,,,,,,,,,,,,,,,,,,https://cdn.jsdelivr.net/gh/reximprimis/posters@main/shopify_thumbs/cities-travel/photography/Rainy_City_Street_ramka_thumb.jpg?v=1789644542935,kg,,,,
wolf-portrait-in-snow,Wolf Portrait in Snow,"<p>Experience the serene beauty of nature with this captivating portrait of a wolf nestled in a tranquil snowy landscape. The soft, muted tones of the snow accentuate the wolf's striking features, creating a harmonious balance between the subject and its surroundings. This artwork invites a sense of calm and reflection, making it a perfect addition to any space that seeks to evoke the elegance of the wild.</p>",REXIMPRIMIS,"Home & Garden > Decor > Artwork > Posters, Prints, & Visual Artwork",poster,"poster, category:animals, style:photography, orientation:portrait, room:living-room, room:kids-room, room:teen-room, size:13x18, size:21x30, size:30x40, size:40x50, size:50x70, collection:new-arrivals",true,Print Style,Full Bleed,,Size,13 × 18 cm (Small),,,,,wolf-portrait-in-snow-full-13x18,0,,,deny,manual,16.00,32.00,true,true,,,,,,https://cdn.jsdelivr.net/gh/reximprimis/posters@main/shopify_thumbs/animals/photography/Wolf_Portrait_in_Snow_thumb.jpg?v=1789644543375,1,,false,Wolf Portrait in Snow | REXIMPRIMIS,"Experience the serene beauty of nature with this captivating portrait of a wolf nestled in a tranquil snowy landscape. The soft, muted tones of the snow…",,,,,,,,,,,https://cdn.jsdelivr.net/gh/reximprimis/posters@main/shopify_thumbs/animals/photography/Wolf_Portrait_in_Snow_thumb.jpg?v=1789644543375,kg,,,active,
wolf-portrait-in-snow,,,,,,,,,Full Bleed,,,21 × 30 cm (A4),,,,,wolf-portrait-in-snow-full-21x30,0,,,deny,manual,26.00,52.00,true,true,,,,,,https://cdn.jsdelivr.net/gh/reximprimis/posters@main/shopify_thumbs/animals/photography/Wolf_Portrait_in_Snow_ramka_thumb.jpg?v=1789644543868,2,,,,,,,,,,,,,,,https://cdn.jsdelivr.net/gh/reximprimis/posters@main/shopify_thumbs/animals/photography/Wolf_Portrait_in_Snow_ramka_thumb.jpg?v=1789644543868,kg,,,,
wolf-portrait-in-snow,,,,,,,,,Full Bleed,,,30 × 40 cm (Medium),,,,,wolf-portrait-in-snow-full-30x40,0,,,deny,manual,43.00,86.00,true,true,,,,,,https://cdn.jsdelivr.net/gh/reximprimis/posters@main/shopify_thumbs/animals/photography/Wolf_Portrait_in_Snow_mockup_frame.jpg?v=1789643264930,3,,,,,,,,,,,,,,,https://cdn.jsdelivr.net/gh/reximprimis/posters@main/shopify_thumbs/animals/photography/Wolf_Portrait_in_Snow_mockup_frame.jpg?v=1789643264930,kg,,,,
wolf-portrait-in-snow,,,,,,,,,Full Bleed,,,40 × 50 cm (Large),,,,,wolf-portrait-in-snow-full-40x50,0,,,deny,manual,57.00,114.00,true,true,,,,,,https://cdn.jsdelivr.net/gh/reximprimis/posters@main/shopify_thumbs/animals/photography/Wolf_Portrait_in_Snow_mockup_interior.jpg?v=1789643286248,4,,,,,,,,,,,,,,,https://cdn.jsdelivr.net/gh/reximprimis/posters@main/shopify_thumbs/animals/photography/Wolf_Portrait_in_Snow_mockup_interior.jpg?v=1789643286248,kg,,,,
wolf-portrait-in-snow,,,,,,,,,Full Bleed,,,50 × 70 cm (Large),,,,,wolf-portrait-in-snow-full-50x70,0,,,deny,manual,71.00,142.00,true,true,,,,,,,,,,,,,,,,,,,,,,https://cdn.jsdelivr.net/gh/reximprimis/posters@main/shopify_thumbs/animals/photography/Wolf_Portrait_in_Snow_thumb.jpg?v=1789644543375,kg,,,,
wolf-portrait-in-snow,,,,,,,,,White Border,,,13 × 18 cm (Small),,,,,wolf-portrait-in-snow-ramka-13x18,0,,,deny,manual,16.00,32.00,true,true,,,,,,,,,,,,,,,,,,,,,,https://cdn.jsdelivr.net/gh/reximprimis/posters@main/shopify_thumbs/animals/photography/Wolf_Portrait_in_Snow_ramka_thumb.jpg?v=1789644543868,kg,,,,
wolf-portrait-in-snow,,,,,,,,,White Border,,,21 × 30 cm (A4),,,,,wolf-portrait-in-snow-ramka-21x30,0,,,deny,manual,26.00,52.00,true,true,,,,,,,,,,,,,,,,,,,,,,https://cdn.jsdelivr.net/gh/reximprimis/posters@main/shopify_thumbs/animals/photography/Wolf_Portrait_in_Snow_ramka_thumb.jpg?v=1789644543868,kg,,,,
wolf-portrait-in-snow,,,,,,,,,White Border,,,30 × 40 cm (Medium),,,,,wolf-portrait-in-snow-ramka-30x40,0,,,deny,manual,43.00,86.00,true,true,,,,,,,,,,,,,,,,,,,,,,https://cdn.jsdelivr.net/gh/reximprimis/posters@main/shopify_thumbs/animals/photography/Wolf_Portrait_in_Snow_ramka_thumb.jpg?v=1789644543868,kg,,,,
wolf-portrait-in-snow,,,,,,,,,White Border,,,40 × 50 cm (Large),,,,,wolf-portrait-in-snow-ramka-40x50,0,,,deny,manual,57.00,114.00,true,true,,,,,,,,,,,,,,,,,,,,,,https://cdn.jsdelivr.net/gh/reximprimis/posters@main/shopify_thumbs/animals/photography/Wolf_Portrait_in_Snow_ramka_thumb.jpg?v=1789644543868,kg,,,,
wolf-portrait-in-snow,,,,,,,,,White Border,,,50 × 70 cm (Large),,,,,wolf-portrait-in-snow-ramka-50x70,0,,,deny,manual,71.00,142.00,true,true,,,,,,,,,,,,,,,,,,,,,,https://cdn.jsdelivr.net/gh/reximprimis/posters@main/shopify_thumbs/animals/photography/Wolf_Portrait_in_Snow_ramka_thumb.jpg?v=1789644543868,kg,,,,
horse-in-motion,Horse in Motion,"<p>This striking photograph captures the graceful energy of a horse in mid-gallop, embodying the spirit of motion with every powerful stride. The soft focus of the background enhances the subject’s dynamic presence, while the calm palette evokes a serene yet invigorating atmosphere. Perfect for those who appreciate the beauty of nature and the elegance of equine movement, this piece brings a touch of refined artistry to any space.</p>",REXIMPRIMIS,"Home & Garden > Decor > Artwork > Posters, Prints, & Visual Artwork",poster,"poster, category:animals, style:photography, orientation:portrait, room:living-room, room:kids-room, room:teen-room, size:13x18, size:21x30, size:30x40, size:40x50, size:50x70, collection:new-arrivals",true,Print Style,Full Bleed,,Size,13 × 18 cm (Small),,,,,horse-in-motion-full-13x18,0,,,deny,manual,16.00,32.00,true,true,,,,,,https://cdn.jsdelivr.net/gh/reximprimis/posters@main/shopify_thumbs/animals/photography/Horse_in_Motion_thumb.jpg?v=1789644544316,1,,false,Horse in Motion | REXIMPRIMIS,"This striking photograph captures the graceful energy of a horse in mid-gallop, embodying the spirit of motion with every powerful stride. The soft focus of…",,,,,,,,,,,https://cdn.jsdelivr.net/gh/reximprimis/posters@main/shopify_thumbs/animals/photography/Horse_in_Motion_thumb.jpg?v=1789644544316,kg,,,active,
horse-in-motion,,,,,,,,,Full Bleed,,,21 × 30 cm (A4),,,,,horse-in-motion-full-21x30,0,,,deny,manual,26.00,52.00,true,true,,,,,,https://cdn.jsdelivr.net/gh/reximprimis/posters@main/shopify_thumbs/animals/photography/Horse_in_Motion_ramka_thumb.jpg?v=1789644544850,2,,,,,,,,,,,,,,,https://cdn.jsdelivr.net/gh/reximprimis/posters@main/shopify_thumbs/animals/photography/Horse_in_Motion_ramka_thumb.jpg?v=1789644544850,kg,,,,
horse-in-motion,,,,,,,,,Full Bleed,,,30 × 40 cm (Medium),,,,,horse-in-motion-full-30x40,0,,,deny,manual,43.00,86.00,true,true,,,,,,https://cdn.jsdelivr.net/gh/reximprimis/posters@main/shopify_thumbs/animals/photography/Horse_in_Motion_mockup_frame.jpg?v=1789643301518,3,,,,,,,,,,,,,,,https://cdn.jsdelivr.net/gh/reximprimis/posters@main/shopify_thumbs/animals/photography/Horse_in_Motion_mockup_frame.jpg?v=1789643301518,kg,,,,
horse-in-motion,,,,,,,,,Full Bleed,,,40 × 50 cm (Large),,,,,horse-in-motion-full-40x50,0,,,deny,manual,57.00,114.00,true,true,,,,,,https://cdn.jsdelivr.net/gh/reximprimis/posters@main/shopify_thumbs/animals/photography/Horse_in_Motion_mockup_interior.jpg?v=1789643318247,4,,,,,,,,,,,,,,,https://cdn.jsdelivr.net/gh/reximprimis/posters@main/shopify_thumbs/animals/photography/Horse_in_Motion_mockup_interior.jpg?v=1789643318247,kg,,,,
horse-in-motion,,,,,,,,,Full Bleed,,,50 × 70 cm (Large),,,,,horse-in-motion-full-50x70,0,,,deny,manual,71.00,142.00,true,true,,,,,,,,,,,,,,,,,,,,,,https://cdn.jsdelivr.net/gh/reximprimis/posters@main/shopify_thumbs/animals/photography/Horse_in_Motion_thumb.jpg?v=1789644544316,kg,,,,
horse-in-motion,,,,,,,,,White Border,,,13 × 18 cm (Small),,,,,horse-in-motion-ramka-13x18,0,,,deny,manual,16.00,32.00,true,true,,,,,,,,,,,,,,,,,,,,,,https://cdn.jsdelivr.net/gh/reximprimis/posters@main/shopify_thumbs/animals/photography/Horse_in_Motion_ramka_thumb.jpg?v=1789644544850,kg,,,,
horse-in-motion,,,,,,,,,White Border,,,21 × 30 cm (A4),,,,,horse-in-motion-ramka-21x30,0,,,deny,manual,26.00,52.00,true,true,,,,,,,,,,,,,,,,,,,,,,https://cdn.jsdelivr.net/gh/reximprimis/posters@main/shopify_thumbs/animals/photography/Horse_in_Motion_ramka_thumb.jpg?v=1789644544850,kg,,,,
horse-in-motion,,,,,,,,,White Border,,,30 × 40 cm (Medium),,,,,horse-in-motion-ramka-30x40,0,,,deny,manual,43.00,86.00,true,true,,,,,,,,,,,,,,,,,,,,,,https://cdn.jsdelivr.net/gh/reximprimis/posters@main/shopify_thumbs/animals/photography/Horse_in_Motion_ramka_thumb.jpg?v=1789644544850,kg,,,,
horse-in-motion,,,,,,,,,White Border,,,40 × 50 cm (Large),,,,,horse-in-motion-ramka-40x50,0,,,deny,manual,57.00,114.00,true,true,,,,,,,,,,,,,,,,,,,,,,https://cdn.jsdelivr.net/gh/reximprimis/posters@main/shopify_thumbs/animals/photography/Horse_in_Motion_ramka_thumb.jpg?v=1789644544850,kg,,,,
horse-in-motion,,,,,,,,,White Border,,,50 × 70 cm (Large),,,,,horse-in-motion-ramka-50x70,0,,,deny,manual,71.00,142.00,true,true,,,,,,,,,,,,,,,,,,,,,,https://cdn.jsdelivr.net/gh/reximprimis/posters@main/shopify_thumbs/animals/photography/Horse_in_Motion_ramka_thumb.jpg?v=1789644544850,kg,,,,
golden-lotus-mandala,Golden Lotus Mandala,"<p>Embodying tranquility and harmony, the ""Golden Lotus Mandala"" artfully presents a radiant lotus design, meticulously crafted to reflect the principles of sacred geometry. Its warm golden tones and intricate patterns invite a sense of calm, making it a perfect addition to any serene space. This illustration serves as both a visual focal point and a meditative symbol, enriching your environment with its elegant balance and timeless beauty.</p>",REXIMPRIMIS,"Home & Garden > Decor > Artwork > Posters, Prints, & Visual Artwork",poster,"poster, category:symbols-sacred-geometry, style:illustration, orientation:portrait, room:living-room, room:bedroom, room:bathroom, room:study, room:teen-room, size:13x18, size:21x30, size:30x40, size:40x50, size:50x70, collection:new-arrivals",true,Print Style,Full Bleed,,Size,13 × 18 cm (Small),,,,,golden-lotus-mandala-full-13x18,0,,,deny,manual,16.00,32.00,true,true,,,,,,https://cdn.jsdelivr.net/gh/reximprimis/posters@main/shopify_thumbs/symbols-sacred-geometry/Illustration/Golden_Lotus_Mandala_thumb.jpg?v=1789644545399,1,,false,Golden Lotus Mandala | REXIMPRIMIS,"Embodying tranquility and harmony, the ""Golden Lotus Mandala"" artfully presents a radiant lotus design, meticulously crafted to reflect the principles of…",,,,,,,,,,,https://cdn.jsdelivr.net/gh/reximprimis/posters@main/shopify_thumbs/symbols-sacred-geometry/Illustration/Golden_Lotus_Mandala_thumb.jpg?v=1789644545399,kg,,,active,
golden-lotus-mandala,,,,,,,,,Full Bleed,,,21 × 30 cm (A4),,,,,golden-lotus-mandala-full-21x30,0,,,deny,manual,26.00,52.00,true,true,,,,,,https://cdn.jsdelivr.net/gh/reximprimis/posters@main/shopify_thumbs/symbols-sacred-geometry/Illustration/Golden_Lotus_Mandala_ramka_thumb.jpg?v=1789644546018,2,,,,,,,,,,,,,,,https://cdn.jsdelivr.net/gh/reximprimis/posters@main/shopify_thumbs/symbols-sacred-geometry/Illustration/Golden_Lotus_Mandala_ramka_thumb.jpg?v=1789644546018,kg,,,,
golden-lotus-mandala,,,,,,,,,Full Bleed,,,30 × 40 cm (Medium),,,,,golden-lotus-mandala-full-30x40,0,,,deny,manual,43.00,86.00,true,true,,,,,,https://cdn.jsdelivr.net/gh/reximprimis/posters@main/shopify_thumbs/symbols-sacred-geometry/Illustration/Golden_Lotus_Mandala_mockup_frame.jpg?v=1789643407149,3,,,,,,,,,,,,,,,https://cdn.jsdelivr.net/gh/reximprimis/posters@main/shopify_thumbs/symbols-sacred-geometry/Illustration/Golden_Lotus_Mandala_mockup_frame.jpg?v=1789643407149,kg,,,,
golden-lotus-mandala,,,,,,,,,Full Bleed,,,40 × 50 cm (Large),,,,,golden-lotus-mandala-full-40x50,0,,,deny,manual,57.00,114.00,true,true,,,,,,https://cdn.jsdelivr.net/gh/reximprimis/posters@main/shopify_thumbs/symbols-sacred-geometry/Illustration/Golden_Lotus_Mandala_mockup_interior.jpg?v=1789643424794,4,,,,,,,,,,,,,,,https://cdn.jsdelivr.net/gh/reximprimis/posters@main/shopify_thumbs/symbols-sacred-geometry/Illustration/Golden_Lotus_Mandala_mockup_interior.jpg?v=1789643424794,kg,,,,
golden-lotus-mandala,,,,,,,,,Full Bleed,,,50 × 70 cm (Large),,,,,golden-lotus-mandala-full-50x70,0,,,deny,manual,71.00,142.00,true,true,,,,,,,,,,,,,,,,,,,,,,https://cdn.jsdelivr.net/gh/reximprimis/posters@main/shopify_thumbs/symbols-sacred-geometry/Illustration/Golden_Lotus_Mandala_thumb.jpg?v=1789644545399,kg,,,,
golden-lotus-mandala,,,,,,,,,White Border,,,13 × 18 cm (Small),,,,,golden-lotus-mandala-ramka-13x18,0,,,deny,manual,16.00,32.00,true,true,,,,,,,,,,,,,,,,,,,,,,https://cdn.jsdelivr.net/gh/reximprimis/posters@main/shopify_thumbs/symbols-sacred-geometry/Illustration/Golden_Lotus_Mandala_ramka_thumb.jpg?v=1789644546018,kg,,,,
golden-lotus-mandala,,,,,,,,,White Border,,,21 × 30 cm (A4),,,,,golden-lotus-mandala-ramka-21x30,0,,,deny,manual,26.00,52.00,true,true,,,,,,,,,,,,,,,,,,,,,,https://cdn.jsdelivr.net/gh/reximprimis/posters@main/shopify_thumbs/symbols-sacred-geometry/Illustration/Golden_Lotus_Mandala_ramka_thumb.jpg?v=1789644546018,kg,,,,
golden-lotus-mandala,,,,,,,,,White Border,,,30 × 40 cm (Medium),,,,,golden-lotus-mandala-ramka-30x40,0,,,deny,manual,43.00,86.00,true,true,,,,,,,,,,,,,,,,,,,,,,https://cdn.jsdelivr.net/gh/reximprimis/posters@main/shopify_thumbs/symbols-sacred-geometry/Illustration/Golden_Lotus_Mandala_ramka_thumb.jpg?v=1789644546018,kg,,,,
golden-lotus-mandala,,,,,,,,,White Border,,,40 × 50 cm (Large),,,,,golden-lotus-mandala-ramka-40x50,0,,,deny,manual,57.00,114.00,true,true,,,,,,,,,,,,,,,,,,,,,,https://cdn.jsdelivr.net/gh/reximprimis/posters@main/shopify_thumbs/symbols-sacred-geometry/Illustration/Golden_Lotus_Mandala_ramka_thumb.jpg?v=1789644546018,kg,,,,
golden-lotus-mandala,,,,,,,,,White Border,,,50 × 70 cm (Large),,,,,golden-lotus-mandala-ramka-50x70,0,,,deny,manual,71.00,142.00,true,true,,,,,,,,,,,,,,,,,,,,,,https://cdn.jsdelivr.net/gh/reximprimis/posters@main/shopify_thumbs/symbols-sacred-geometry/Illustration/Golden_Lotus_Mandala_ramka_thumb.jpg?v=1789644546018,kg,,,,
radiant-sun-wheel,Radiant Sun Wheel,"<p>Embodying the essence of balance and harmony, ""Radiant Sun Wheel"" captures a beautifully intricate design that radiates warmth and tranquility. The precise geometric patterns evoke a sense of calm, inviting contemplation and serenity into your space. With its soft hues and luminous presence, this artwork serves as a striking focal point, perfect for enhancing any interior.</p>",REXIMPRIMIS,"Home & Garden > Decor > Artwork > Posters, Prints, & Visual Artwork",poster,"poster, category:symbols-sacred-geometry, style:illustration, orientation:portrait, room:living-room, room:bedroom, room:bathroom, room:study, room:teen-room, size:13x18, size:21x30, size:30x40, size:40x50, size:50x70, collection:new-arrivals",true,Print Style,Full Bleed,,Size,13 × 18 cm (Small),,,,,radiant-sun-wheel-full-13x18,0,,,deny,manual,16.00,32.00,true,true,,,,,,https://cdn.jsdelivr.net/gh/reximprimis/posters@main/shopify_thumbs/symbols-sacred-geometry/Illustration/Radiant_Sun_Wheel_thumb.jpg?v=1789644546561,1,,false,Radiant Sun Wheel | REXIMPRIMIS,"Embodying the essence of balance and harmony, ""Radiant Sun Wheel"" captures a beautifully intricate design that radiates warmth and tranquility. The precise…",,,,,,,,,,,https://cdn.jsdelivr.net/gh/reximprimis/posters@main/shopify_thumbs/symbols-sacred-geometry/Illustration/Radiant_Sun_Wheel_thumb.jpg?v=1789644546561,kg,,,active,
radiant-sun-wheel,,,,,,,,,Full Bleed,,,21 × 30 cm (A4),,,,,radiant-sun-wheel-full-21x30,0,,,deny,manual,26.00,52.00,true,true,,,,,,https://cdn.jsdelivr.net/gh/reximprimis/posters@main/shopify_thumbs/symbols-sacred-geometry/Illustration/Radiant_Sun_Wheel_ramka_thumb.jpg?v=1789644547135,2,,,,,,,,,,,,,,,https://cdn.jsdelivr.net/gh/reximprimis/posters@main/shopify_thumbs/symbols-sacred-geometry/Illustration/Radiant_Sun_Wheel_ramka_thumb.jpg?v=1789644547135,kg,,,,
radiant-sun-wheel,,,,,,,,,Full Bleed,,,30 × 40 cm (Medium),,,,,radiant-sun-wheel-full-30x40,0,,,deny,manual,43.00,86.00,true,true,,,,,,https://cdn.jsdelivr.net/gh/reximprimis/posters@main/shopify_thumbs/symbols-sacred-geometry/Illustration/Radiant_Sun_Wheel_mockup_frame.jpg?v=1789643448115,3,,,,,,,,,,,,,,,https://cdn.jsdelivr.net/gh/reximprimis/posters@main/shopify_thumbs/symbols-sacred-geometry/Illustration/Radiant_Sun_Wheel_mockup_frame.jpg?v=1789643448115,kg,,,,
radiant-sun-wheel,,,,,,,,,Full Bleed,,,40 × 50 cm (Large),,,,,radiant-sun-wheel-full-40x50,0,,,deny,manual,57.00,114.00,true,true,,,,,,https://cdn.jsdelivr.net/gh/reximprimis/posters@main/shopify_thumbs/symbols-sacred-geometry/Illustration/Radiant_Sun_Wheel_mockup_interior.jpg?v=1789643470020,4,,,,,,,,,,,,,,,https://cdn.jsdelivr.net/gh/reximprimis/posters@main/shopify_thumbs/symbols-sacred-geometry/Illustration/Radiant_Sun_Wheel_mockup_interior.jpg?v=1789643470020,kg,,,,
radiant-sun-wheel,,,,,,,,,Full Bleed,,,50 × 70 cm (Large),,,,,radiant-sun-wheel-full-50x70,0,,,deny,manual,71.00,142.00,true,true,,,,,,,,,,,,,,,,,,,,,,https://cdn.jsdelivr.net/gh/reximprimis/posters@main/shopify_thumbs/symbols-sacred-geometry/Illustration/Radiant_Sun_Wheel_thumb.jpg?v=1789644546561,kg,,,,
radiant-sun-wheel,,,,,,,,,White Border,,,13 × 18 cm (Small),,,,,radiant-sun-wheel-ramka-13x18,0,,,deny,manual,16.00,32.00,true,true,,,,,,,,,,,,,,,,,,,,,,https://cdn.jsdelivr.net/gh/reximprimis/posters@main/shopify_thumbs/symbols-sacred-geometry/Illustration/Radiant_Sun_Wheel_ramka_thumb.jpg?v=1789644547135,kg,,,,
radiant-sun-wheel,,,,,,,,,White Border,,,21 × 30 cm (A4),,,,,radiant-sun-wheel-ramka-21x30,0,,,deny,manual,26.00,52.00,true,true,,,,,,,,,,,,,,,,,,,,,,https://cdn.jsdelivr.net/gh/reximprimis/posters@main/shopify_thumbs/symbols-sacred-geometry/Illustration/Radiant_Sun_Wheel_ramka_thumb.jpg?v=1789644547135,kg,,,,
radiant-sun-wheel,,,,,,,,,White Border,,,30 × 40 cm (Medium),,,,,radiant-sun-wheel-ramka-30x40,0,,,deny,manual,43.00,86.00,true,true,,,,,,,,,,,,,,,,,,,,,,https://cdn.jsdelivr.net/gh/reximprimis/posters@main/shopify_thumbs/symbols-sacred-geometry/Illustration/Radiant_Sun_Wheel_ramka_thumb.jpg?v=1789644547135,kg,,,,
radiant-sun-wheel,,,,,,,,,White Border,,,40 × 50 cm (Large),,,,,radiant-sun-wheel-ramka-40x50,0,,,deny,manual,57.00,114.00,true,true,,,,,,,,,,,,,,,,,,,,,,https://cdn.jsdelivr.net/gh/reximprimis/posters@main/shopify_thumbs/symbols-sacred-geometry/Illustration/Radiant_Sun_Wheel_ramka_thumb.jpg?v=1789644547135,kg,,,,
radiant-sun-wheel,,,,,,,,,White Border,,,50 × 70 cm (Large),,,,,radiant-sun-wheel-ramka-50x70,0,,,deny,manual,71.00,142.00,true,true,,,,,,,,,,,,,,,,,,,,,,https://cdn.jsdelivr.net/gh/reximprimis/posters@main/shopify_thumbs/symbols-sacred-geometry/Illustration/Radiant_Sun_Wheel_ramka_thumb.jpg?v=1789644547135,kg,,,,
gilded-fern-study,Gilded Fern Study,"<p>This elegant illustration of a gilded fern captures the serene beauty of nature with refined detail and a calming palette. The composition highlights the graceful form of the fern, gently surrounded by soft negative space, inviting a sense of tranquility into any space. Perfectly suited for those who appreciate the subtle sophistication of botanical art, this piece brings a touch of nature's elegance indoors.</p>",REXIMPRIMIS,"Home & Garden > Decor > Artwork > Posters, Prints, & Visual Artwork",poster,"poster, category:botanical, style:illustration, orientation:portrait, room:living-room, room:bedroom, room:bathroom, room:home-office, room:dining-room, room:kitchen, room:kids-room, size:13x18, size:21x30, size:30x40, size:40x50, size:50x70, collection:new-arrivals",true,Print Style,Full Bleed,,Size,13 × 18 cm (Small),,,,,gilded-fern-study-full-13x18,0,,,deny,manual,16.00,32.00,true,true,,,,,,https://cdn.jsdelivr.net/gh/reximprimis/posters@main/shopify_thumbs/botanical/Illustration/Gilded_Fern_Study_thumb.jpg?v=1789644547658,1,,false,Gilded Fern Study | REXIMPRIMIS,This elegant illustration of a gilded fern captures the serene beauty of nature with refined detail and a calming palette. The composition highlights the…,,,,,,,,,,,https://cdn.jsdelivr.net/gh/reximprimis/posters@main/shopify_thumbs/botanical/Illustration/Gilded_Fern_Study_thumb.jpg?v=1789644547658,kg,,,active,
gilded-fern-study,,,,,,,,,Full Bleed,,,21 × 30 cm (A4),,,,,gilded-fern-study-full-21x30,0,,,deny,manual,26.00,52.00,true,true,,,,,,https://cdn.jsdelivr.net/gh/reximprimis/posters@main/shopify_thumbs/botanical/Illustration/Gilded_Fern_Study_ramka_thumb.jpg?v=1789644548262,2,,,,,,,,,,,,,,,https://cdn.jsdelivr.net/gh/reximprimis/posters@main/shopify_thumbs/botanical/Illustration/Gilded_Fern_Study_ramka_thumb.jpg?v=1789644548262,kg,,,,
gilded-fern-study,,,,,,,,,Full Bleed,,,30 × 40 cm (Medium),,,,,gilded-fern-study-full-30x40,0,,,deny,manual,43.00,86.00,true,true,,,,,,https://cdn.jsdelivr.net/gh/reximprimis/posters@main/shopify_thumbs/botanical/Illustration/Gilded_Fern_Study_mockup_frame.jpg?v=1789642414885,3,,,,,,,,,,,,,,,https://cdn.jsdelivr.net/gh/reximprimis/posters@main/shopify_thumbs/botanical/Illustration/Gilded_Fern_Study_mockup_frame.jpg?v=1789642414885,kg,,,,
gilded-fern-study,,,,,,,,,Full Bleed,,,40 × 50 cm (Large),,,,,gilded-fern-study-full-40x50,0,,,deny,manual,57.00,114.00,true,true,,,,,,https://cdn.jsdelivr.net/gh/reximprimis/posters@main/shopify_thumbs/botanical/Illustration/Gilded_Fern_Study_mockup_interior.jpg?v=1789642433836,4,,,,,,,,,,,,,,,https://cdn.jsdelivr.net/gh/reximprimis/posters@main/shopify_thumbs/botanical/Illustration/Gilded_Fern_Study_mockup_interior.jpg?v=1789642433836,kg,,,,
gilded-fern-study,,,,,,,,,Full Bleed,,,50 × 70 cm (Large),,,,,gilded-fern-study-full-50x70,0,,,deny,manual,71.00,142.00,true,true,,,,,,,,,,,,,,,,,,,,,,https://cdn.jsdelivr.net/gh/reximprimis/posters@main/shopify_thumbs/botanical/Illustration/Gilded_Fern_Study_thumb.jpg?v=1789644547658,kg,,,,
gilded-fern-study,,,,,,,,,White Border,,,13 × 18 cm (Small),,,,,gilded-fern-study-ramka-13x18,0,,,deny,manual,16.00,32.00,true,true,,,,,,,,,,,,,,,,,,,,,,https://cdn.jsdelivr.net/gh/reximprimis/posters@main/shopify_thumbs/botanical/Illustration/Gilded_Fern_Study_ramka_thumb.jpg?v=1789644548262,kg,,,,
gilded-fern-study,,,,,,,,,White Border,,,21 × 30 cm (A4),,,,,gilded-fern-study-ramka-21x30,0,,,deny,manual,26.00,52.00,true,true,,,,,,,,,,,,,,,,,,,,,,https://cdn.jsdelivr.net/gh/reximprimis/posters@main/shopify_thumbs/botanical/Illustration/Gilded_Fern_Study_ramka_thumb.jpg?v=1789644548262,kg,,,,
gilded-fern-study,,,,,,,,,White Border,,,30 × 40 cm (Medium),,,,,gilded-fern-study-ramka-30x40,0,,,deny,manual,43.00,86.00,true,true,,,,,,,,,,,,,,,,,,,,,,https://cdn.jsdelivr.net/gh/reximprimis/posters@main/shopify_thumbs/botanical/Illustration/Gilded_Fern_Study_ramka_thumb.jpg?v=1789644548262,kg,,,,
gilded-fern-study,,,,,,,,,White Border,,,40 × 50 cm (Large),,,,,gilded-fern-study-ramka-40x50,0,,,deny,manual,57.00,114.00,true,true,,,,,,,,,,,,,,,,,,,,,,https://cdn.jsdelivr.net/gh/reximprimis/posters@main/shopify_thumbs/botanical/Illustration/Gilded_Fern_Study_ramka_thumb.jpg?v=1789644548262,kg,,,,
gilded-fern-study,,,,,,,,,White Border,,,50 × 70 cm (Large),,,,,gilded-fern-study-ramka-50x70,0,,,deny,manual,71.00,142.00,true,true,,,,,,,,,,,,,,,,,,,,,,https://cdn.jsdelivr.net/gh/reximprimis/posters@main/shopify_thumbs/botanical/Illustration/Gilded_Fern_Study_ramka_thumb.jpg?v=1789644548262,kg,,,,
bronze-leaf-pattern,Bronze Leaf Pattern,"<p>Embrace the serene elegance of nature with our ""Bronze Leaf Pattern"" poster, featuring a beautifully illustrated botanical branch that captures the essence of natural growth. The warm, muted tones create a calming atmosphere, while the refined details invite a sense of tranquility into your space. Perfect for adding a touch of sophistication to any room, this artwork harmonizes effortlessly with a variety of interior styles.</p>",REXIMPRIMIS,"Home & Garden > Decor > Artwork > Posters, Prints, & Visual Artwork",poster,"poster, category:botanical, style:illustration, orientation:portrait, room:living-room, room:bedroom, room:bathroom, room:home-office, room:dining-room, room:kitchen, room:kids-room, size:13x18, size:21x30, size:30x40, size:40x50, size:50x70, collection:new-arrivals",true,Print Style,Full Bleed,,Size,13 × 18 cm (Small),,,,,bronze-leaf-pattern-full-13x18,0,,,deny,manual,16.00,32.00,true,true,,,,,,https://cdn.jsdelivr.net/gh/reximprimis/posters@main/shopify_thumbs/botanical/Illustration/Bronze_Leaf_Pattern_thumb.jpg?v=1789644548750,1,,false,Bronze Leaf Pattern | REXIMPRIMIS,"Embrace the serene elegance of nature with our ""Bronze Leaf Pattern"" poster, featuring a beautifully illustrated botanical branch that captures the essence of…",,,,,,,,,,,https://cdn.jsdelivr.net/gh/reximprimis/posters@main/shopify_thumbs/botanical/Illustration/Bronze_Leaf_Pattern_thumb.jpg?v=1789644548750,kg,,,active,
bronze-leaf-pattern,,,,,,,,,Full Bleed,,,21 × 30 cm (A4),,,,,bronze-leaf-pattern-full-21x30,0,,,deny,manual,26.00,52.00,true,true,,,,,,https://cdn.jsdelivr.net/gh/reximprimis/posters@main/shopify_thumbs/botanical/Illustration/Bronze_Leaf_Pattern_ramka_thumb.jpg?v=1789644549295,2,,,,,,,,,,,,,,,https://cdn.jsdelivr.net/gh/reximprimis/posters@main/shopify_thumbs/botanical/Illustration/Bronze_Leaf_Pattern_ramka_thumb.jpg?v=1789644549295,kg,,,,
bronze-leaf-pattern,,,,,,,,,Full Bleed,,,30 × 40 cm (Medium),,,,,bronze-leaf-pattern-full-30x40,0,,,deny,manual,43.00,86.00,true,true,,,,,,https://cdn.jsdelivr.net/gh/reximprimis/posters@main/shopify_thumbs/botanical/Illustration/Bronze_Leaf_Pattern_mockup_frame.jpg?v=1789642450003,3,,,,,,,,,,,,,,,https://cdn.jsdelivr.net/gh/reximprimis/posters@main/shopify_thumbs/botanical/Illustration/Bronze_Leaf_Pattern_mockup_frame.jpg?v=1789642450003,kg,,,,
bronze-leaf-pattern,,,,,,,,,Full Bleed,,,40 × 50 cm (Large),,,,,bronze-leaf-pattern-full-40x50,0,,,deny,manual,57.00,114.00,true,true,,,,,,https://cdn.jsdelivr.net/gh/reximprimis/posters@main/shopify_thumbs/botanical/Illustration/Bronze_Leaf_Pattern_mockup_interior.jpg?v=1789642466349,4,,,,,,,,,,,,,,,https://cdn.jsdelivr.net/gh/reximprimis/posters@main/shopify_thumbs/botanical/Illustration/Bronze_Leaf_Pattern_mockup_interior.jpg?v=1789642466349,kg,,,,
bronze-leaf-pattern,,,,,,,,,Full Bleed,,,50 × 70 cm (Large),,,,,bronze-leaf-pattern-full-50x70,0,,,deny,manual,71.00,142.00,true,true,,,,,,,,,,,,,,,,,,,,,,https://cdn.jsdelivr.net/gh/reximprimis/posters@main/shopify_thumbs/botanical/Illustration/Bronze_Leaf_Pattern_thumb.jpg?v=1789644548750,kg,,,,
bronze-leaf-pattern,,,,,,,,,White Border,,,13 × 18 cm (Small),,,,,bronze-leaf-pattern-ramka-13x18,0,,,deny,manual,16.00,32.00,true,true,,,,,,,,,,,,,,,,,,,,,,https://cdn.jsdelivr.net/gh/reximprimis/posters@main/shopify_thumbs/botanical/Illustration/Bronze_Leaf_Pattern_ramka_thumb.jpg?v=1789644549295,kg,,,,
bronze-leaf-pattern,,,,,,,,,White Border,,,21 × 30 cm (A4),,,,,bronze-leaf-pattern-ramka-21x30,0,,,deny,manual,26.00,52.00,true,true,,,,,,,,,,,,,,,,,,,,,,https://cdn.jsdelivr.net/gh/reximprimis/posters@main/shopify_thumbs/botanical/Illustration/Bronze_Leaf_Pattern_ramka_thumb.jpg?v=1789644549295,kg,,,,
bronze-leaf-pattern,,,,,,,,,White Border,,,30 × 40 cm (Medium),,,,,bronze-leaf-pattern-ramka-30x40,0,,,deny,manual,43.00,86.00,true,true,,,,,,,,,,,,,,,,,,,,,,https://cdn.jsdelivr.net/gh/reximprimis/posters@main/shopify_thumbs/botanical/Illustration/Bronze_Leaf_Pattern_ramka_thumb.jpg?v=1789644549295,kg,,,,
bronze-leaf-pattern,,,,,,,,,White Border,,,40 × 50 cm (Large),,,,,bronze-leaf-pattern-ramka-40x50,0,,,deny,manual,57.00,114.00,true,true,,,,,,,,,,,,,,,,,,,,,,https://cdn.jsdelivr.net/gh/reximprimis/posters@main/shopify_thumbs/botanical/Illustration/Bronze_Leaf_Pattern_ramka_thumb.jpg?v=1789644549295,kg,,,,
bronze-leaf-pattern,,,,,,,,,White Border,,,50 × 70 cm (Large),,,,,bronze-leaf-pattern-ramka-50x70,0,,,deny,manual,71.00,142.00,true,true,,,,,,,,,,,,,,,,,,,,,,https://cdn.jsdelivr.net/gh/reximprimis/posters@main/shopify_thumbs/botanical/Illustration/Bronze_Leaf_Pattern_ramka_thumb.jpg?v=1789644549295,kg,,,,
golden-geometric-bloom,Golden Geometric Bloom,"<p>Embrace the serene elegance of ""Golden Geometric Bloom,"" an exquisite abstract composition that harmoniously balances layered forms and a disciplined color palette. This artwork captivates with its rich textures and rhythmic geometry, inviting a sense of calm and reflection into any space. Perfect for those who appreciate the emotional depth of non-representational art, this piece transforms your surroundings into a tranquil haven.</p>",REXIMPRIMIS,"Home & Garden > Decor > Artwork > Posters, Prints, & Visual Artwork",poster,"poster, category:abstract, style:abstract, orientation:portrait, room:living-room, room:bedroom, room:home-office, room:study, size:13x18, size:21x30, size:30x40, size:40x50, size:50x70, collection:new-arrivals",true,Print Style,Full Bleed,,Size,13 × 18 cm (Small),,,,,golden-geometric-bloom-full-13x18,0,,,deny,manual,16.00,32.00,true,true,,,,,,https://cdn.jsdelivr.net/gh/reximprimis/posters@main/shopify_thumbs/abstract/abstract/Golden_Geometric_Bloom_thumb.jpg?v=1789644549745,1,,false,Golden Geometric Bloom | REXIMPRIMIS,"Embrace the serene elegance of ""Golden Geometric Bloom,"" an exquisite abstract composition that harmoniously balances layered forms and a disciplined color…",,,,,,,,,,,https://cdn.jsdelivr.net/gh/reximprimis/posters@main/shopify_thumbs/abstract/abstract/Golden_Geometric_Bloom_thumb.jpg?v=1789644549745,kg,,,active,
golden-geometric-bloom,,,,,,,,,Full Bleed,,,21 × 30 cm (A4),,,,,golden-geometric-bloom-full-21x30,0,,,deny,manual,26.00,52.00,true,true,,,,,,https://cdn.jsdelivr.net/gh/reximprimis/posters@main/shopify_thumbs/abstract/abstract/Golden_Geometric_Bloom_ramka_thumb.jpg?v=1789644550263,2,,,,,,,,,,,,,,,https://cdn.jsdelivr.net/gh/reximprimis/posters@main/shopify_thumbs/abstract/abstract/Golden_Geometric_Bloom_ramka_thumb.jpg?v=1789644550263,kg,,,,
golden-geometric-bloom,,,,,,,,,Full Bleed,,,30 × 40 cm (Medium),,,,,golden-geometric-bloom-full-30x40,0,,,deny,manual,43.00,86.00,true,true,,,,,,https://cdn.jsdelivr.net/gh/reximprimis/posters@main/shopify_thumbs/abstract/abstract/Golden_Geometric_Bloom_mockup_frame.jpg?v=1789643487787,3,,,,,,,,,,,,,,,https://cdn.jsdelivr.net/gh/reximprimis/posters@main/shopify_thumbs/abstract/abstract/Golden_Geometric_Bloom_mockup_frame.jpg?v=1789643487787,kg,,,,
golden-geometric-bloom,,,,,,,,,Full Bleed,,,40 × 50 cm (Large),,,,,golden-geometric-bloom-full-40x50,0,,,deny,manual,57.00,114.00,true,true,,,,,,https://cdn.jsdelivr.net/gh/reximprimis/posters@main/shopify_thumbs/abstract/abstract/Golden_Geometric_Bloom_mockup_interior.jpg?v=1789643504493,4,,,,,,,,,,,,,,,https://cdn.jsdelivr.net/gh/reximprimis/posters@main/shopify_thumbs/abstract/abstract/Golden_Geometric_Bloom_mockup_interior.jpg?v=1789643504493,kg,,,,
golden-geometric-bloom,,,,,,,,,Full Bleed,,,50 × 70 cm (Large),,,,,golden-geometric-bloom-full-50x70,0,,,deny,manual,71.00,142.00,true,true,,,,,,,,,,,,,,,,,,,,,,https://cdn.jsdelivr.net/gh/reximprimis/posters@main/shopify_thumbs/abstract/abstract/Golden_Geometric_Bloom_thumb.jpg?v=1789644549745,kg,,,,
golden-geometric-bloom,,,,,,,,,White Border,,,13 × 18 cm (Small),,,,,golden-geometric-bloom-ramka-13x18,0,,,deny,manual,16.00,32.00,true,true,,,,,,,,,,,,,,,,,,,,,,https://cdn.jsdelivr.net/gh/reximprimis/posters@main/shopify_thumbs/abstract/abstract/Golden_Geometric_Bloom_ramka_thumb.jpg?v=1789644550263,kg,,,,
golden-geometric-bloom,,,,,,,,,White Border,,,21 × 30 cm (A4),,,,,golden-geometric-bloom-ramka-21x30,0,,,deny,manual,26.00,52.00,true,true,,,,,,,,,,,,,,,,,,,,,,https://cdn.jsdelivr.net/gh/reximprimis/posters@main/shopify_thumbs/abstract/abstract/Golden_Geometric_Bloom_ramka_thumb.jpg?v=1789644550263,kg,,,,
golden-geometric-bloom,,,,,,,,,White Border,,,30 × 40 cm (Medium),,,,,golden-geometric-bloom-ramka-30x40,0,,,deny,manual,43.00,86.00,true,true,,,,,,,,,,,,,,,,,,,,,,https://cdn.jsdelivr.net/gh/reximprimis/posters@main/shopify_thumbs/abstract/abstract/Golden_Geometric_Bloom_ramka_thumb.jpg?v=1789644550263,kg,,,,
golden-geometric-bloom,,,,,,,,,White Border,,,40 × 50 cm (Large),,,,,golden-geometric-bloom-ramka-40x50,0,,,deny,manual,57.00,114.00,true,true,,,,,,,,,,,,,,,,,,,,,,https://cdn.jsdelivr.net/gh/reximprimis/posters@main/shopify_thumbs/abstract/abstract/Golden_Geometric_Bloom_ramka_thumb.jpg?v=1789644550263,kg,,,,
golden-geometric-bloom,,,,,,,,,White Border,,,50 × 70 cm (Large),,,,,golden-geometric-bloom-ramka-50x70,0,,,deny,manual,71.00,142.00,true,true,,,,,,,,,,,,,,,,,,,,,,https://cdn.jsdelivr.net/gh/reximprimis/posters@main/shopify_thumbs/abstract/abstract/Golden_Geometric_Bloom_ramka_thumb.jpg?v=1789644550263,kg,,,,
amber-whiskey-pour,Amber Whiskey Pour,"<p>Experience the warmth of an amber whiskey pour, captured in a moment of serene elegance. The rich hues and gentle reflections invite you to savor the calm of an evening ritual, while the soft natural light enhances the inviting atmosphere. This piece brings a touch of sophistication to any space, celebrating the art of fine spirits.</p>",REXIMPRIMIS,"Home & Garden > Decor > Artwork > Posters, Prints, & Visual Artwork",poster,"poster, category:bar-cocktails, style:photography, orientation:portrait, room:kitchen, room:dining-room, room:living-room, room:cafe, size:13x18, size:21x30, size:30x40, size:40x50, size:50x70, collection:new-arrivals",true,Print Style,Full Bleed,,Size,13 × 18 cm (Small),,,,,amber-whiskey-pour-full-13x18,0,,,deny,manual,16.00,32.00,true,true,,,,,,https://cdn.jsdelivr.net/gh/reximprimis/posters@main/shopify_thumbs/bar-cocktails/Photography/Amber_Whiskey_Pour_thumb.jpg?v=1789644550725,1,,false,Amber Whiskey Pour | REXIMPRIMIS,"Experience the warmth of an amber whiskey pour, captured in a moment of serene elegance. The rich hues and gentle reflections invite you to savor the calm of…",,,,,,,,,,,https://cdn.jsdelivr.net/gh/reximprimis/posters@main/shopify_thumbs/bar-cocktails/Photography/Amber_Whiskey_Pour_thumb.jpg?v=1789644550725,kg,,,active,
amber-whiskey-pour,,,,,,,,,Full Bleed,,,21 × 30 cm (A4),,,,,amber-whiskey-pour-full-21x30,0,,,deny,manual,26.00,52.00,true,true,,,,,,https://cdn.jsdelivr.net/gh/reximprimis/posters@main/shopify_thumbs/bar-cocktails/Photography/Amber_Whiskey_Pour_ramka_thumb.jpg?v=1789644551285,2,,,,,,,,,,,,,,,https://cdn.jsdelivr.net/gh/reximprimis/posters@main/shopify_thumbs/bar-cocktails/Photography/Amber_Whiskey_Pour_ramka_thumb.jpg?v=1789644551285,kg,,,,
amber-whiskey-pour,,,,,,,,,Full Bleed,,,30 × 40 cm (Medium),,,,,amber-whiskey-pour-full-30x40,0,,,deny,manual,43.00,86.00,true,true,,,,,,https://cdn.jsdelivr.net/gh/reximprimis/posters@main/shopify_thumbs/bar-cocktails/Photography/Amber_Whiskey_Pour_mockup_frame.jpg?v=1789643523593,3,,,,,,,,,,,,,,,https://cdn.jsdelivr.net/gh/reximprimis/posters@main/shopify_thumbs/bar-cocktails/Photography/Amber_Whiskey_Pour_mockup_frame.jpg?v=1789643523593,kg,,,,
amber-whiskey-pour,,,,,,,,,Full Bleed,,,40 × 50 cm (Large),,,,,amber-whiskey-pour-full-40x50,0,,,deny,manual,57.00,114.00,true,true,,,,,,https://cdn.jsdelivr.net/gh/reximprimis/posters@main/shopify_thumbs/bar-cocktails/Photography/Amber_Whiskey_Pour_mockup_interior.jpg?v=1789643540154,4,,,,,,,,,,,,,,,https://cdn.jsdelivr.net/gh/reximprimis/posters@main/shopify_thumbs/bar-cocktails/Photography/Amber_Whiskey_Pour_mockup_interior.jpg?v=1789643540154,kg,,,,
amber-whiskey-pour,,,,,,,,,Full Bleed,,,50 × 70 cm (Large),,,,,amber-whiskey-pour-full-50x70,0,,,deny,manual,71.00,142.00,true,true,,,,,,,,,,,,,,,,,,,,,,https://cdn.jsdelivr.net/gh/reximprimis/posters@main/shopify_thumbs/bar-cocktails/Photography/Amber_Whiskey_Pour_thumb.jpg?v=1789644550725,kg,,,,
amber-whiskey-pour,,,,,,,,,White Border,,,13 × 18 cm (Small),,,,,amber-whiskey-pour-ramka-13x18,0,,,deny,manual,16.00,32.00,true,true,,,,,,,,,,,,,,,,,,,,,,https://cdn.jsdelivr.net/gh/reximprimis/posters@main/shopify_thumbs/bar-cocktails/Photography/Amber_Whiskey_Pour_ramka_thumb.jpg?v=1789644551285,kg,,,,
amber-whiskey-pour,,,,,,,,,White Border,,,21 × 30 cm (A4),,,,,amber-whiskey-pour-ramka-21x30,0,,,deny,manual,26.00,52.00,true,true,,,,,,,,,,,,,,,,,,,,,,https://cdn.jsdelivr.net/gh/reximprimis/posters@main/shopify_thumbs/bar-cocktails/Photography/Amber_Whiskey_Pour_ramka_thumb.jpg?v=1789644551285,kg,,,,
amber-whiskey-pour,,,,,,,,,White Border,,,30 × 40 cm (Medium),,,,,amber-whiskey-pour-ramka-30x40,0,,,deny,manual,43.00,86.00,true,true,,,,,,,,,,,,,,,,,,,,,,https://cdn.jsdelivr.net/gh/reximprimis/posters@main/shopify_thumbs/bar-cocktails/Photography/Amber_Whiskey_Pour_ramka_thumb.jpg?v=1789644551285,kg,,,,
amber-whiskey-pour,,,,,,,,,White Border,,,40 × 50 cm (Large),,,,,amber-whiskey-pour-ramka-40x50,0,,,deny,manual,57.00,114.00,true,true,,,,,,,,,,,,,,,,,,,,,,https://cdn.jsdelivr.net/gh/reximprimis/posters@main/shopify_thumbs/bar-cocktails/Photography/Amber_Whiskey_Pour_ramka_thumb.jpg?v=1789644551285,kg,,,,
amber-whiskey-pour,,,,,,,,,White Border,,,50 × 70 cm (Large),,,,,amber-whiskey-pour-ramka-50x70,0,,,deny,manual,71.00,142.00,true,true,,,,,,,,,,,,,,,,,,,,,,https://cdn.jsdelivr.net/gh/reximprimis/posters@main/shopify_thumbs/bar-cocktails/Photography/Amber_Whiskey_Pour_ramka_thumb.jpg?v=1789644551285,kg,,,,
riverside-district-layout,Riverside District Layout,"<p>Experience the serene elegance of urban landscapes with our ""Riverside District Layout"" poster. This refined illustration captures the essence of a peaceful riverside district, featuring soft contours and a harmonious palette that evoke a sense of calm. With its clear visual hierarchy and generous breathing space, this artwork invites contemplation and adds a touch of sophistication to any interior.</p>",REXIMPRIMIS,"Home & Garden > Decor > Artwork > Posters, Prints, & Visual Artwork",poster,"poster, category:maps, style:illustration, orientation:portrait, room:living-room, room:home-office, room:study, room:teen-room, size:13x18, size:21x30, size:30x40, size:40x50, size:50x70, collection:new-arrivals",true,Print Style,Full Bleed,,Size,13 × 18 cm (Small),,,,,riverside-district-layout-full-13x18,0,,,deny,manual,16.00,32.00,true,true,,,,,,https://cdn.jsdelivr.net/gh/reximprimis/posters@main/shopify_thumbs/maps/Illustration/Riverside_District_Layout_thumb.jpg?v=1789644551829,1,,false,Riverside District Layout | REXIMPRIMIS,"Experience the serene elegance of urban landscapes with our ""Riverside District Layout"" poster. This refined illustration captures the essence of a peaceful…",,,,,,,,,,,https://cdn.jsdelivr.net/gh/reximprimis/posters@main/shopify_thumbs/maps/Illustration/Riverside_District_Layout_thumb.jpg?v=1789644551829,kg,,,active,
riverside-district-layout,,,,,,,,,Full Bleed,,,21 × 30 cm (A4),,,,,riverside-district-layout-full-21x30,0,,,deny,manual,26.00,52.00,true,true,,,,,,https://cdn.jsdelivr.net/gh/reximprimis/posters@main/shopify_thumbs/maps/Illustration/Riverside_District_Layout_ramka_thumb.jpg?v=1789644552517,2,,,,,,,,,,,,,,,https://cdn.jsdelivr.net/gh/reximprimis/posters@main/shopify_thumbs/maps/Illustration/Riverside_District_Layout_ramka_thumb.jpg?v=1789644552517,kg,,,,
riverside-district-layout,,,,,,,,,Full Bleed,,,30 × 40 cm (Medium),,,,,riverside-district-layout-full-30x40,0,,,deny,manual,43.00,86.00,true,true,,,,,,https://cdn.jsdelivr.net/gh/reximprimis/posters@main/shopify_thumbs/maps/Illustration/Riverside_District_Layout_mockup_frame.jpg?v=1789643046051,3,,,,,,,,,,,,,,,https://cdn.jsdelivr.net/gh/reximprimis/posters@main/shopify_thumbs/maps/Illustration/Riverside_District_Layout_mockup_frame.jpg?v=1789643046051,kg,,,,
riverside-district-layout,,,,,,,,,Full Bleed,,,40 × 50 cm (Large),,,,,riverside-district-layout-full-40x50,0,,,deny,manual,57.00,114.00,true,true,,,,,,https://cdn.jsdelivr.net/gh/reximprimis/posters@main/shopify_thumbs/maps/Illustration/Riverside_District_Layout_mockup_interior.jpg?v=1789643065746,4,,,,,,,,,,,,,,,https://cdn.jsdelivr.net/gh/reximprimis/posters@main/shopify_thumbs/maps/Illustration/Riverside_District_Layout_mockup_interior.jpg?v=1789643065746,kg,,,,
riverside-district-layout,,,,,,,,,Full Bleed,,,50 × 70 cm (Large),,,,,riverside-district-layout-full-50x70,0,,,deny,manual,71.00,142.00,true,true,,,,,,,,,,,,,,,,,,,,,,https://cdn.jsdelivr.net/gh/reximprimis/posters@main/shopify_thumbs/maps/Illustration/Riverside_District_Layout_thumb.jpg?v=1789644551829,kg,,,,
riverside-district-layout,,,,,,,,,White Border,,,13 × 18 cm (Small),,,,,riverside-district-layout-ramka-13x18,0,,,deny,manual,16.00,32.00,true,true,,,,,,,,,,,,,,,,,,,,,,https://cdn.jsdelivr.net/gh/reximprimis/posters@main/shopify_thumbs/maps/Illustration/Riverside_District_Layout_ramka_thumb.jpg?v=1789644552517,kg,,,,
riverside-district-layout,,,,,,,,,White Border,,,21 × 30 cm (A4),,,,,riverside-district-layout-ramka-21x30,0,,,deny,manual,26.00,52.00,true,true,,,,,,,,,,,,,,,,,,,,,,https://cdn.jsdelivr.net/gh/reximprimis/posters@main/shopify_thumbs/maps/Illustration/Riverside_District_Layout_ramka_thumb.jpg?v=1789644552517,kg,,,,
riverside-district-layout,,,,,,,,,White Border,,,30 × 40 cm (Medium),,,,,riverside-district-layout-ramka-30x40,0,,,deny,manual,43.00,86.00,true,true,,,,,,,,,,,,,,,,,,,,,,https://cdn.jsdelivr.net/gh/reximprimis/posters@main/shopify_thumbs/maps/Illustration/Riverside_District_Layout_ramka_thumb.jpg?v=1789644552517,kg,,,,
riverside-district-layout,,,,,,,,,White Border,,,40 × 50 cm (Large),,,,,riverside-district-layout-ramka-40x50,0,,,deny,manual,57.00,114.00,true,true,,,,,,,,,,,,,,,,,,,,,,https://cdn.jsdelivr.net/gh/reximprimis/posters@main/shopify_thumbs/maps/Illustration/Riverside_District_Layout_ramka_thumb.jpg?v=1789644552517,kg,,,,
riverside-district-layout,,,,,,,,,White Border,,,50 × 70 cm (Large),,,,,riverside-district-layout-ramka-50x70,0,,,deny,manual,71.00,142.00,true,true,,,,,,,,,,,,,,,,,,,,,,https://cdn.jsdelivr.net/gh/reximprimis/posters@main/shopify_thumbs/maps/Illustration/Riverside_District_Layout_ramka_thumb.jpg?v=1789644552517,kg,,,,
